{"@context":"http://greendelta.github.io/olca-schema/context.jsonld","@type":"Flow","@id":"0ba9c977-5398-3e0f-b3c9-d922e39d7894","name":"Benzene","version":"00.00.000","category":{"@type":"Category","@id":"75533569-1ee3-3410-9f72-cdce18bb55be","name":"unspecified"},"flowType":"ELEMENTARY_FLOW","infrastructureFlow":false,"flowProperties":[{"@type":"FlowPropertyFactor","referenceFlowProperty":true,"flowProperty":{"@type":"FlowProperty","@id":"93a60a56-a3c8-11da-a746-0800200b9a66","name":"Mass"},"conversionFactor":1.0}]}