{"@context":"http://greendelta.github.io/olca-schema/context.jsonld","@type":"Flow","@id":"6cb3e4a8-d7e0-3566-ae66-8022182af846","name":"Electricity, natural gas, at power plant","version":"00.00.000","category":{"@type":"Category","@id":"25794097-71c4-3c2f-ac5e-c03ba93e4fbd","name":"Fossil Fuel Electric Power Generation"},"flowType":"PRODUCT_FLOW","infrastructureFlow":false,"location":{"@type":"Location","@id":"b320e7db-c758-3ba6-8839-81eb83c9d7d7","name":"Northern America"},"flowProperties":[{"@type":"FlowPropertyFactor","referenceFlowProperty":true,"flowProperty":{"@type":"FlowProperty","@id":"f6811440-ee37-11de-8a39-0800200c9a66","name":"Energy"},"conversionFactor":1.0}]}