,FRS ID,PGM_SYS_ACRNM,TRI ID,PNAME,FRS_ID,EGRID ID
0,110000602250,TRIS,99743HLYPW25MIL,Healy,110000602250,6288
1,110006002707,TRIS,99703DYNTL3564N,Utility Plants Section,110006002707,50308
2,110006002707,TRIS,99703SDPRT1060G,Utility Plants Section,110006002707,50308
3,110012971631,TRIS,99737SRMYFRICHB,Fort Greely Power Plant,110012971631,54834
4,110012971631,TRIS,99737SRMYFRICHA,Fort Greely Power Plant,110012971631,54834
5,110012971631,TRIS,99731DYNTL611E5,Fort Greely Power Plant,110012971631,54834
6,110017413299,TRIS,99611TSRLSMILE2,Tesoro Kenai Cogeneration Plant,110017413299,52184
7,110041255003,TRIS,99702LSNRF2258C,Eielson AFB Central Heat & Power Plant,110041255003,50392
8,110041255012,TRIS,99701RRNRG1204F,Aurora Energy LLC Chena,110041255012,79
9,110064064408,TRIS,99692NSNCXPOUCH,Unisea G 2,110064064408,54422
10,110064086509,TRIS,9970WGLDNV119HH,North Pole,110064086509,6285
11,110000366318,TRIS,35064SSFRFVALLE,US Steel (Fairfield Works),110000366318,50730
12,110000366657,TRIS,35207SLSSN35003,Sloss Industries Corp,110000366657,50359
13,110000366817,TRIS,35217BCCKDRAILR,ABC Coke,110000366817,56076
14,110000367380,TRIS,35580LBMPW460GO,Gorgas,110000367380,8
15,110000367834,TRIS,35674STVCL900CO,Colbert,110000367834,47
16,110000368183,TRIS,35903LBMPW1000G,Gadsden,110000368183,7
17,110000369280,TRIS,36545BSCSC307WE,Boise Cascade Pulp & Paper Mill,110000369280,55044
18,110000589097,TRIS,35186LBMCL31972,E C Gaston,110000589097,26
19,110000589097,TRIS,35186LBMPWHWY25,E C Gaston,110000589097,26
20,110000589355,TRIS,35611STVBRSHAWR,Browns Ferry,110000589355,46
21,110000589382,TRIS,35618CHMPNPOBOX,International Paper-Courtland Mill,110000589382,50245
22,110000589612,TRIS,36470LBMRVOFFHI,Alabama River Pulp,110000589612,10216
23,110000604944,TRIS,35772STVWDCOUNT,Widows Creek,110000604944,50
24,110000608398,TRIS,36732LBMPWHWY43,Greene County,110000608398,10
25,110000741270,TRIS,36512LBMPWUSHWY,Barry,110000741270,3
26,110002438103,TRIS,36701HMMRMRIVER,International Paper-Riverdale Mill,110002438103,54096
27,110010124748,TRIS,36303DMCNR517DR,Crestwood Dothan,110010124748,54985
28,110010380097,TRIS,36868MDCTDALABA,"MeadWestvaco Coated Board, LLC",110010380097,54802
29,110011734935,TRIS,36067NNCMP100JE,International Paper-Prattville Mill,110011734935,52140
30,110013812534,TRIS,36260CLHNN72GRE,Calhoun Energy Center,110013812534,55409
31,110017428773,TRIS,36916JMSRVROUTE,Georgia-Pacific Consr Prods LP-Naheola,110017428773,10699
32,110017438762,TRIS,36752GPLSTONEPL,SABIC Innovative Plastics - Burkville,110017438762,7698
33,110020517957,TRIS,36420MCWLLHWY29,McWilliams,110020517957,533
34,110041128703,TRIS,36426CNTNRHIGHW,Georgia-Pacific Brewton Mill,110041128703,54789
35,110043694179,TRIS,3575WSTVBL2744B,Bellefonte,110043694179,6150
36,110043792651,TRIS,35130LBMPW4250P,James H Miller Jr,110043792651,6002
37,110043808742,TRIS,3676WNTRNT76HIG,Weyerhaeuser Pine Hill Operations,110043808742,54752
38,110056955166,TRIS,35044SPLPNALABA,Resolute FP - Coosa Pines Mill,110056955166,54216
39,110056968278,TRIS,36548CHRLSCARSO,Charles R Lowman,110056968278,56
40,110064120525,TRIS,36732GLFSTHIGHW,Rock-Tenn Mill,110064120525,54763
41,110067545268,TRIS,36006TNSKL345CU,Tenaska Lindsay Hill Generating Station,110067545268,55271
42,110000450921,TRIS,71635GRGPCPAPER,Georgia-Pacific Crossett,110000450921,10606
43,110000450985,TRIS,71701RKNSS1625B,McClellan,110000450985,203
44,110000451788,TRIS,72132NTRGY1100W,White Bluff,110000451788,6009
45,110000452705,TRIS,72562NRGYN555PO,Independence,110000452705,6641
46,110000452910,TRIS,72734FLNTC21797,Flint Creek Power Plant,110000452910,6138
47,110000780511,TRIS,71671PTLTC810WE,Warren Lumber Mill,110000780511,50640
48,110007409571,TRIS,72949RKNSS6006L,Thomas Fitzhugh,110007409571,201
49,110012414985,TRIS,71654PTLTCHIGHW,Clearwater Paper APP CB,110012414985,50638
50,110013286844,TRIS,71601PNBLF2700H,Pine Bluff Mill,110013286844,10627
51,110033168391,TRIS,7237WPLMPN2732A,Plum Point Energy Station,110033168391,56456
52,110043716565,TRIS,7242WCDLLP31EAS,Dell Power Plant,110043716565,55340
53,110043797077,TRIS,72006RKNSSHWY33,Carl Bailey,110043797077,202
54,110000472097,TRIS,85714RVNGT3950E,Irvington Generating Station,110000472097,126
55,110000600788,TRIS,85938SPRNG12MIL,Springerville Generating Station,110000600788,8223
56,110000780851,TRIS,85303GFRGN7302W,Agua Fria Generating Station,110000780851,141
57,110001695407,TRIS,85364RZNPB7522S,Yucca Power Plant,110001695407,120
58,110001697049,TRIS,85296SNTNG1005S,Santan,110001697049,8068
59,110009523319,TRIS,85282KYRNG7005S,Kyrene Generating Station,110009523319,147
60,110009526539,TRIS,85281RZNPB1500E,Ocotillo Power Plant,110009526539,116
61,110017206192,TRIS,86032CHLLPOLDUS,Cholla,110017206192,113
62,110017422145,TRIS,85043RZNPB4606W,APS West Phoenix Power Plant,110017422145,117
63,110017431242,TRIS,85936CRNDG7MINE,Coronado Generating Station,110017431242,6177
64,110028287725,TRIS,86040NVJGN5MIOF,Navajo Generating Station,110028287725,4941
65,110041968902,TRIS,85245RZNPBMILEP,APS Saguaro Power Plant,110041968902,118
66,110043804390,TRIS,85606RZNLCHWY19,Apache Station,110043804390,160
67,110000475263,TRIS,90509MBLLC3700W,ExxonMobil Oil Torrance Refinery,110000475263,50624
68,110000476084,TRIS,90744RPRDS700HE,Wilmington Hydrogen Plant,110000476084,55557
69,110000476208,TRIS,90746STFFR20720,Dominguez Plant,110000476208,52064
70,110000476235,TRIS,90748NCLLS1660W,Los Angeles Refinery Wilmington,110000476235,54451
71,110000477396,TRIS,91708LSNRG5601E,OLS Energy Chino,110000477396,50850
72,110000481274,TRIS,93030PRCTR800NO,Oxnard,110000481274,50464
73,110000481274,TRIS,93030PRCTR800NO,SunEdison Procter & Gamble Oxnard,110000481274,57008
74,110000481657,TRIS,93308MTPSC36157,Mt Poso Cogeneration,110000481657,54626
75,110000481755,TRIS,93420NCLSN2555W,Santa Maria EPG,110000481755,56284
76,110000481924,TRIS,93562CCGNR12801,ACE Cogeneration Facility,110000481924,10002
77,110000483245,TRIS,94553SHLLL3485P,Martinez Refining,110000483245,54912
78,110000483263,TRIS,94553STFFR100MO,Martinez Sulfuric Acid Regeneration Plt,110000483263,52063
79,110000483478,TRIS,94572TSCSF2101F,Phillips 66 Carbon Plant,110000483478,50388
80,110000483487,TRIS,94572NCLSNOLDHI,Phillips 66 Rodeo Refinery,110000483487,50119
81,110000485010,TRIS,95241GNRLM2000W,General Mills Operations Lodi,110000485010,10031
82,110000498033,TRIS,93308RBRVP16608,Rio Bravo Poso,110000498033,10769
83,110000508086,TRIS,95366SMPSN942SO,Ripon Mill,110000508086,50299
84,110000522818,TRIS,93631KSKNG11765,Kingsburg Cogen Facility,110000522818,10405
85,110000607406,TRIS,93312FRTLY22801,Frito-Lay Cogen Plant,110000607406,10110
86,110000610278,TRIS,95503PGHMB1000K,Humboldt Bay,110000610278,246
87,110000730433,TRIS,92008CBRLL4600C,Cabrillo Power I Encina Power Station,110000730433,302
88,110000786150,TRIS,94124PCFCG1000E,Hunters Point,110000786150,247
89,110000830904,TRIS,92327CLWTR37000,Coolwater Generating Station,110000830904,329
90,110001133336,TRIS,93270SRRFR9000R,Sierra Power,110001133336,50068
91,110001138956,TRIS,90748RCCQC1175C,Tesoro Wilmington Calciner,110001138956,10601
92,110001177994,TRIS,95352MDSTR92WDL,Woodland Generation Station,110001177994,7266
93,110001199569,TRIS,95971SRRPC1538L,Sierra Pacific Quincy Facility,110001199569,50112
94,110001199792,TRIS,92113KLCDV2145E,C P Kelco San Diego Plant,110001199792,52147
95,110002148596,TRIS,96020CLLNS500MA,Collins Pine Project,110002148596,10661
96,110002339791,TRIS,96013SRRPCHWY29,Sierra Pacific Burney Facility,110002339791,50110
97,110002420425,TRIS,90704PBBLY1PEBB,Pebbly Beach,110002420425,6704
98,110002672484,TRIS,92243LCNTR485EV,El Centro,110002672484,389
99,110008062336,TRIS,95357MCCLR639SM,McClure,110008062336,151
100,110008262851,TRIS,92714MCGWN2525M,B Braun Medical,110008262851,50200
101,110008264662,TRIS,96118SRRPCRAILR,Sierra Pacific Loyalton Facility,110008264662,50111
102,110009554099,TRIS,90040CMMRC5926S,Commerce Refuse To Energy,110009554099,10090
103,110010061333,TRIS,92123KYCRM8611B,Kyocera America Project,110010061333,10720
104,110014327442,TRIS,93308RBRVJ11258,Rio Bravo Jasmin,110014327442,10768
105,110017396094,TRIS,95206CRNPR1021I,Ingredion Stockton,110017396094,52115
106,110017400873,TRIS,93010LSNRG1947W,OLS Energy Camarillo,110017400873,50851
107,110020506460,TRIS,94802CHVRN841ST,Richmond Refinery TG800,110020506460,52105
108,110020506460,TRIS,94802CHVRN841ST,Richmond Cogen,110020506460,52109
109,110022811689,TRIS,95565PLCXX125MA,Eel River Power,110022811689,50049
110,110028033884,TRIS,9282WSTRNS2TNNE,Blacksand Generating Facility,110028033884,56090
111,110033145353,TRIS,94510XXNCS3400E,Valero Refinery Cogeneration Unit 1,110033145353,55851
112,110038157151,TRIS,90744TXCRF2101E,Equilon Los Angeles Refining,110038157151,50530
113,110040966078,TRIS,93230HNFRD10596,Hanford Energy Park Peaker,110040966078,55698
114,110041236123,TRIS,95648BHMLN1445H,Sierra Pacific Lincoln Facility,110041236123,10144
115,110043789763,TRIS,93516SBRXCBORAX,US Borax,110043789763,50115
116,110000467129,TRIS,80223PBLCS2601S,Arapahoe,110000467129,465
117,110000467290,TRIS,80302PBLCS1800N,Valmont,110000467290,477
118,110000467646,TRIS,80817RYNXN14020,Ray D Nixon,110000467646,8219
119,110000467851,TRIS,81006PBLCS2005L,Comanche (470),110000467851,470
120,110000467931,TRIS,81424TRSTT30739,Nucla,110000467931,527
121,110000600234,TRIS,80723PBLCS14940,Pawnee,110000600234,6248
122,110000600305,TRIS,81526PBLCS4MILE,Cameo,110000600305,468
123,110000607148,TRIS,80549RWHDN2700E,Rawhide Energy Station,110000607148,6761
124,110000759457,TRIS,80204PBLCS1335Z,Zuni,110000759457,478
125,110000859679,TRIS,80216PBLCS6198F,Cherokee,110000859679,469
126,110009067650,TRIS,81212TLCRP550HW,W N Clark,110009067650,462
127,110009559637,TRIS,80903MRTND700SC,Martin Drake,110009559637,492
128,110012355281,TRIS,81639PBLCS12795,Hayden,110012355281,525
129,110041086393,TRIS,81626TRSTT2201R,Craig,110041086393,6021
130,110059602899,TRIS,80401TRGNN2510T,Colorado Energy Nations Company,110059602899,10003
131,110000315891,TRIS,06340PFZRNEASTE,Pfizer Groton Plant,110000315891,54236
132,110000316006,TRIS,06382MNTVL74LAT,Montville,110000316006,546
133,110000316024,TRIS,06383FDRLPINLAN,Fusion Paperboard Connecticut LLC,110000316024,54657
134,110000316266,TRIS,06457MDDLT1866R,Middletown,110000316266,562
135,110000316989,TRIS,06604BRDGP1ATLA,Bridgeport Harbor Station,110000316989,568
136,110000610651,TRIS,06506NWHVN1WATE,New Haven Harbor,110000610651,6156
137,110001403749,TRIS,06106CPTLD490CA,Capitol District Energy Center,110001403749,50498
138,110012515894,TRIS,06241LKRDG56ALE,Lake Road Generating Company,110012515894,55149
139,110012624712,TRIS,06460MLFRD55SHE,Milford Power Company LLC,110012624712,55126
140,110017435701,TRIS,06108PRTTW400MA,"Pratt & Whitney, East Hartford",110017435701,54605
141,110024519001,TRIS,0609WLGNQN26CAN,"Algonquin Power Windsor Locks, LLC",110024519001,10567
142,110030737610,TRIS,06460DVNSTNAUGA,Devon,110030737610,544
143,110038324382,TRIS,06457KLNNR1349R,Kleen Energy Systems Project,110038324382,56798
144,110043644385,TRIS,06382STNCN125DE,Uncasville Mill,110043644385,50801
145,110000338821,TRIS,19809DGMRH200HA,Edge Moor,110000338821,593
146,110000338821,TRIS,19809DGMRH200HA,Hay Road,110000338821,7153
147,110000338910,TRIS,19904FRSTS1280W,NRG Energy Center Dover,110000338910,10030
148,110000603936,TRIS,19966NDNRVRTE33,Indian River,110000603936,594
149,110002506841,TRIS,19904DFDPR880BU,McKee Run,110002506841,599
150,110000361929,TRIS,32206KNNDY4215T,J D Kennedy,110000361929,666
151,110000362018,TRIS,32218CDRBY9640E,Cedar Bay Generating Co. LP,110000362018,10672
152,110000362036,TRIS,32218NHSRB111BU,Anheuser-Busch Jacksonville,110000362036,10431
153,110000362134,TRIS,32226STJHN11201,St. Johns River Power,110000362134,207
154,110000362615,TRIS,32653GNSVL10001,Deerhaven,110000362615,663
155,110000363455,TRIS,32960CTYFV10017,Vero Beach Municipal,110000363455,693
156,110000363598,TRIS,33041CTYLC6900F,Stock Island,110000363598,6584
157,110000363847,TRIS,33316FPLPR8100E,Port Everglades,110000363847,617
158,110000363963,TRIS,33404RVRPW20030,Riviera Beach Energy Center,110000363963,619
159,110000364098,TRIS,33460TMGSM117CO,Tom G Smith,110000364098,673
160,110000364329,TRIS,33605TMPLC1700H,Hookers Point,110000364329,647
161,110000364882,TRIS,33805CDMCN3030E,C D McIntosh Jr Power Plant,110000364882,676
162,110000364944,TRIS,33823CCCLF602MC,Cutrale Citrus Juices USA II,110000364944,10188
163,110000365113,TRIS,33860TMPLC9995S,Polk,110000365113,7242
164,110000365248,TRIS,33916HFSCN3052M,Fort Myers,110000365248,612
165,110000365328,TRIS,34208TRPCN10011,Tropicana Products Bradent,110000365328,50971
166,110000365836,TRIS,32748CCCLF11CLO,Cutrale Citrus Juices USA I,110000365836,10020
167,110000493056,TRIS,33619TMPLC3602P,F J Gannon,110000493056,646
168,110000496776,TRIS,34219FPLMN19050,Manatee,110000496776,6042
169,110000518002,TRIS,32401STNCN1EVER,Stone Container Panama City Mill,110000518002,50807
170,110000588542,TRIS,32034CNTNRNORTH,Fernandina Beach Mill,110000588542,10202
171,110000588677,TRIS,32409GLFPW4300H,Lansing Smith Generating Plant,110000588677,643
172,110000588846,TRIS,33702FLRDPWEEDO,P L Bartow,110000588846,634
173,110000604748,TRIS,32780CPCNV6000U,Cape Canaveral,110000604748,609
174,110000745383,TRIS,33801CHRLS2002E,Charles Larsen Memorial Power Plant,110000745383,675
175,110000753319,TRIS,33830PRGRS77CUN,Hines Energy Complex,110000753319,7302
176,110000759527,TRIS,32218SMNLK9469E,Seminole Mill,110000759527,50803
177,110000876393,TRIS,32207STHSD801BR,Southside Generating Station,110000876393,668
178,110000909214,TRIS,32462FLRDPSOFUS,Suwannee River,110000909214,638
179,110000914832,TRIS,33035TRKYP9700S,Turkey Point,110000914832,621
180,110001411623,TRIS,33525PSCCN14850,"Quantum Pasco Power, LP",110001411623,54424
181,110001736925,TRIS,32601GNSVL605SE,J R Kelly,110001736925,664
182,110001737390,TRIS,32355CTYFT667PO,S O Purdom,110001737390,689
183,110002044065,TRIS,33004FLRDPGRIFF,Lauderdale,110002044065,613
184,110002394579,TRIS,34950HDKNG311NI,Henry D King,110002394579,658
185,110002394793,TRIS,34956NDNTW19140,"Indiantown Cogeneration, LP",110002394793,50976
186,110002526847,TRIS,32514GLFPW11999,Crist Electric Generating Plant,110002526847,641
187,110002530805,TRIS,32460GLFPWROUTE,Scholz Electric Generating Plant,110002530805,642
188,110005984328,TRIS,33848FLRDP6525O,Intercession City,110005984328,8049
189,110006176191,TRIS,34266PRGRS3800R,Desoto County Energy Park,110006176191,55422
190,110006645238,TRIS,32131FPLPTUS17S,Putnam,110006645238,6246
191,110007007951,TRIS,34773RLNTNUSHWY,Osceola,110007007951,55192
192,110007477391,TRIS,3347WWSTCN255ST,West County Energy Center,110007477391,56407
193,110008318588,TRIS,33830WRGRCHIGHW,Mosaic Co Bartow Facility,110008318588,50633
194,110008319505,TRIS,33572TMPLC13031,Big Bend,110008319505,645
195,110008320566,TRIS,34956MRTNPSR710,Martin,110008320566,6043
196,110008329068,TRIS,34691FLRDP1729B,Anclote,110008329068,8048
197,110008989737,TRIS,32926LNDRP555TO,Oleander Power Project,110008989737,55286
198,110009104021,TRIS,32234JBRND1MINU,Brandy Branch,110009104021,7846
199,110011349656,TRIS,32304CTYFT1125G,Arvah B Hopkins,110011349656,688
200,110012446317,TRIS,32713FLRDP176WH,Debary,110012446317,6046
201,110012581820,TRIS,34610SHDYH14240,Shady Hills,110012581820,55414
202,110013931308,TRIS,3384WCNSLN675LD,Cane Island,110013931308,7238
203,110013936456,TRIS,32784LKCGN39000,"Quantum Lake Power, LP",110013936456,54423
204,110016751861,TRIS,33853CTRSW650US,Florida's Natural Growers,110016751861,10275
205,110017409393,TRIS,33830MLBRR3600H,Mulberry Cogeneration Facility,110017409393,54426
206,110017410014,TRIS,32713SNFRD950SH,Sanford,110017410014,620
207,110017411718,TRIS,33873VNDLH2394V,Vandolah Power Project,110017411718,55415
208,110017431215,TRIS,34428FLRDP15760,Crystal River,110017431215,628
209,110025384368,TRIS,32831STNTN5100S,Curtis H. Stanton Energy Center,110025384368,564
210,110027373045,TRIS,32533MNSNT3000O,Pensacola Florida Plant,110027373045,10416
211,110035614234,TRIS,32533CHMPN375MU,International Paper Pensacola,110035614234,50250
212,110035803262,TRIS,33834SCPYN6697N,Midulla Generating Station,110035803262,7380
213,110038040214,TRIS,3498WTRSRC4545E,Treasure Coast Energy Center,110038040214,56400
214,110041142304,TRIS,32177SMNLGUSHWY,Seminole (136),110041142304,136
215,110041626014,TRIS,3232WWDRFFPBX96,J Woodruff,110041626014,690
216,110056962381,TRIS,32347BCKYCROUTE,Buckeye Florida LP,110056962381,50466
217,110056968866,TRIS,33860MCFRTHIGHW,Mosaic New Wales Operations,110056968866,10434
218,110056968875,TRIS,33534GRDNRHIGHW,Mosaic Co Tampa Facility,110056968875,10204
219,110056968884,TRIS,33860GRCCHSTATE,Mosaic South Pierce Operations,110056968884,10004
220,110060280075,TRIS,3460WFLRDP1311C,Central Power and Lime,110060280075,10333
221,110064648911,TRIS,33834HRDPW6695N,Hardee Power Station,110064648911,50949
222,110064790267,TRIS,33566CNTRL10MIL,"The Mosaic Company, Plant City Facility",110064790267,50371
223,110069446246,TRIS,33823QNTMB151WD,"Quantum Auburndale Power, LP",110069446246,54658
224,110069998646,TRIS,32780CCTSNUS1KI,Indian River (55318),110069998646,55318
225,110000355972,TRIS,30080MCDNG5551S,Atkinson,110000355972,700
226,110000355972,TRIS,30080MCDNG5551S,Jack McDonough,110000355972,710
227,110000356356,TRIS,30120BWNST317CO,Bowen,110000356356,703
228,110000357319,TRIS,30263YTSST708DY,Yates,110000357319,728
229,110000359718,TRIS,30913FDRLPHIGHW,International Paper Augusta Mill,110000359718,54358
230,110000359950,TRIS,31040STHSTSHADD,Dublin Mill,110000359950,54004
231,110000359969,TRIS,31047MDGRG200OA,Mid-Georgia Cogeneration,110000359969,55040
232,110000360207,TRIS,31210RKWRG5241A,Arkwright,110000360207,699
233,110000360243,TRIS,31297YKKSN4234O,YKK USA Chestney,110000360243,54566
234,110000360617,TRIS,31520MCMNS1CRIS,McManus,110000360617,715
235,110000360957,TRIS,31705MTCHL5200R,Mitchell (GA),110000360957,727
236,110000516273,TRIS,31326SVNNHHWY27,McIntosh (6124),110000516273,6124
237,110000588221,TRIS,31061BRNCHUSHWY,Harllee Branch,110000588221,709
238,110000700055,TRIS,31098SDDSF216OC,Robins,110000700055,7348
239,110000740958,TRIS,31402NNCMPWESTL,International Paper Savanna Mill,110000740958,50398
240,110001423148,TRIS,30904SBLYD1717G,Sibley Mill,110001423148,54322
241,110001971439,TRIS,30286LPSCR95YAM,Edward L Addison Generating Plant,110001971439,55267
242,110005666243,TRIS,31206MCNKR4891M,Riverwood International Macon Mill,110005666243,54464
243,110005718367,TRIS,30655MPCGN28CHE,"MPC Generating, LLC",110005718367,7764
244,110007250009,TRIS,30643HRTWL415SM,Hartwell Energy Facility,110007250009,70454
245,110007356066,TRIS,31046SCHRR10986,Scherer,110007356066,6257
246,110010039494,TRIS,30217TNSKGGEORG,Tenaska Georgia Generating Station,110010039494,55061
247,110012174565,TRIS,31801TLBTN9125C,Talbot Energy Facility,110012174565,7916
248,110017412968,TRIS,31545TTRYNSAVAN,Rayonier Advanced Materials - Jesup Plant,110017412968,10560
249,110020517378,TRIS,30565DHLBR585JA,Dahlberg (Jackson County),110020517378,7765
250,110032877849,TRIS,30830STHRN8803R,Allen B Wilson Combustion Turbine Plant,110032877849,6258
251,110038173464,TRIS,31407SVNNHCROSS,Kraft,110038173464,733
252,110041186873,TRIS,31407SVNNHOXNAR,Imperial Savannah LP,110041186873,50146
253,110046233919,TRIS,30170WNSLYGEORG,Wansley (6052),110046233919,6052
254,110054076389,TRIS,30162NLNDR238MA,Inland Paperboard Packaging Rome,110054076389,10426
255,110056956664,TRIS,31732GRTSTHIGHW,Georgia-Pacific Cedar Springs,110056956664,54101
256,110056959055,TRIS,31520HRCLS2801C,PInova Inc,110056959055,10120
257,110056960515,TRIS,30129HMMND5963A,Hammond,110056960515,708
258,110056968045,TRIS,31068BCKYCOLDST,Flint River Operations,110056968045,50465
259,110059257806,TRIS,31323NTRSTONEIN,Interstate Paper LLC Riceboro,110059257806,54281
260,110067041043,TRIS,31520BRNSWWEST9,Brunswick Cellulose,110067041043,10605
261,110000486322,TRIS,96707HWNND91325,Tesoro Hawaii,110000486322,10093
262,110000486377,TRIS,96720HLLGN54HAL,Kanoelehua,110000486377,769
263,110000486377,TRIS,96720HLLGN54HAL,W H Hill,110000486377,772
264,110000486395,TRIS,96732KHLGN200HO,Kahului,110000486395,6056
265,110000486420,TRIS,96782WGNRT475KA,Waiau,110000486420,766
266,110000486439,TRIS,96792KHGNR89900,Kahe,110000486439,765
267,110000601377,TRIS,96749PNGNRPUNAM,Puna,110000601377,7130
268,110001322836,TRIS,96747LKLSGKAUMA,Gay Robinson,110001322836,50333
269,110001764029,TRIS,96763MLCTR1001N,Miki Basin,110001764029,7264
270,110008062265,TRIS,96727HMKNR45300,Hamakua Energy Plant,110008062265,55369
271,110008062283,TRIS,96748MLCTR32AUL,Palaau Power,110008062283,792
272,110010385528,TRIS,96793MLGNRNKIHE,Maalaea,110010385528,6504
273,110013789178,TRIS,96720SHPMN20BAY,Shipman,110013789178,6478
274,110015679050,TRIS,96766KPWRP4941K,Kapaia Power Station,110015679050,56258
275,110027161568,TRIS,96813HNLLG170AL,Honolulu,110027161568,764
276,110027164164,TRIS,96707SHWNC91086,AES Hawaii,110027164164,10673
277,110027165387,TRIS,96743HWNLC66159,Waimea,110027165387,768
278,110028014093,TRIS,96740HWNLC73424,Keahole,110028014093,8083
279,110041190421,TRIS,96707KLLCG91111,Kalaeloa Cogen Plant,110041190421,54646
280,110045950315,TRIS,9670WHCCMP91196,Campbell Industrial Park,110045950315,56329
281,110064110652,TRIS,96705KLCTR4392W,Port Allen (HI),110064110652,6474
282,110000414114,TRIS,51101GRGNL2761P,George Neal South,110000414114,7343
283,110000414533,TRIS,52001DBQPW920KE,Dubuque,110000414533,1046
284,110000414597,TRIS,52001YMCDN4800C,Alliant SBD 9205 A Y McDonald,110000414597,54710
285,110000414702,TRIS,52136DNLDS111DO,Alliant SBD 9206 Donaldson,110000414702,54718
286,110000415168,TRIS,52406PNFRD1001F,Alliant SBD0201 Penford Produc,110000415168,55996
287,110000415202,TRIS,52501TTMWG20775,Ottumwa,110000415202,6254
288,110000415355,TRIS,52601LLNTN4282S,Burlington (IA),110000415355,1104
289,110000415596,TRIS,52722RVRSD6001S,Riverside (1081),110000415596,1081
290,110000415630,TRIS,52732DMCRN1251B,Archer Daniels Midland Clinton,110000415630,10860
291,110000415783,TRIS,52761LSGNR86021,Louisa,110000415783,6664
292,110000415827,TRIS,52761MSCTN1700I,Muscatine,110000415827,1167
293,110000593572,TRIS,50613CDRFLUTILI,Streeter Station,110000593572,1131
294,110001323318,TRIS,51101GRGNL11512,George Neal North,110001323318,1091
295,110010507317,TRIS,51301WSDMG33651,Earl F Wisdom,110010507317,1217
296,110010507344,TRIS,52732LLNTN2001B,Milton L Kapp,110010507344,1048
297,110010507399,TRIS,52004JHNDRHWY38,John Deere Dubuque Works,110010507399,54414
298,110010507503,TRIS,52404DMCRN1350W,Archer Daniels Midland Cedar Rapids,110010507503,10864
299,110011273022,TRIS,50533GPRCS500NO,AG Processing Inc,110011273022,10223
300,110011274325,TRIS,50421TNCRP700LU,Alliant SBD 9502 Eaton,110011274325,54968
301,110013337095,TRIS,50219PLLMN519OS,Pella,110013337095,1175
302,110013397458,TRIS,52402SXTHS5096T,Sixth Street,110013397458,1058
303,110015649592,TRIS,52151LNSNG2320P,Lansing,110015649592,1047
304,110015656388,TRIS,50428MRYGN11295,Emery Station,110015656388,8031
305,110017344337,TRIS,52404PRRCR3300C,Prairie Creek,110017344337,1073
306,110017436130,TRIS,52553CRGLLRR1CO,Cargill Corn Milling Division,110017436130,10855
307,110019914011,TRIS,50158LLNTN3001E,Sutherland,110019914011,1077
308,110028167702,TRIS,52761FRSTT3800H,Fair Station,110028167702,1218
309,110038076453,TRIS,50010CTYFM200E5,Ames,110038076453,1122
310,110056965280,TRIS,51501CNCLB2115N,Walter Scott Jr. Energy Center,110056965280,1082
311,110067425799,TRIS,50316RCHRD1940E,Archer Daniels Midland Des Moines,110067425799,10861
312,110000468388,TRIS,83303MLGMTPOBOX,Amalgamated Sugar Twin Falls,110000468388,10504
313,110000468609,TRIS,83651MLGMTPOBOX,Amalgamated Sugar LLC Nampa,110000468609,54690
314,110000600421,TRIS,83201JRSMPDONSI,Simplot Leasing Don Plant,110000600421,50274
315,110006361123,TRIS,8382WLBNFL2376E,Albeni Falls,110006361123,851
316,110020061653,TRIS,83612TMRCK3555H,Tamarack Energy Partnership,110020061653,50099
317,110022811876,TRIS,83851PLMMR7321T,Plummer Cogen,110022811876,55090
318,110053991720,TRIS,83501PTLTC805MI,Clearwater Paper IPP Lewiston,110053991720,50637
319,110000430178,TRIS,60087WKGNG10GRE,Waukegan,110000430178,883
320,110000432933,TRIS,60441WLLCN529ER,Will County,110000432933,884
321,110000432997,TRIS,60450CLLNS4200P,Collins,110000432997,6025
322,110000433264,TRIS,60477PNDTC17301,Panduit Tinley Park,110000433264,54932
323,110000433905,TRIS,60608FSKGN1111W,Fisk,110000433905,886
324,110000434717,TRIS,60623CRWFR3501S,Crawford,110000434717,867
325,110000437947,TRIS,61520CLCDC17751,Duck Creek,110000437947,6016
326,110000438027,TRIS,61554NCRNC13082,Powerton,110000438027,879
327,110000438107,TRIS,61602RCHRDFOOTO,Archer Daniels Midland Co. - Peoria,110000438107,10866
328,110000438125,TRIS,61607DDWRD7800S,E D Edwards,110000438125,856
329,110000439393,TRIS,62448MRNCR6725N,Newton,110000439393,6017
330,110000500501,TRIS,62739MRNCR134CI,Coffeen,110000500501,861
331,110000557594,TRIS,60915RMRPHRT50A,CSL Behring LLC,110000557594,54790
332,110000578072,TRIS,62525STLYM2200E,Tate & Lyle,110000578072,10867
333,110000595339,TRIS,60434MBLJLINTER,Exxonmobil Oil Corporation,110000595339,50627
334,110000595794,TRIS,62644HVNPWSTRTE,Havana,110000595794,891
335,110000602125,TRIS,62540KNCDG4MILE,Kincaid Generating Station,110000602125,876
336,110000742929,TRIS,60436JLTGN1800C,Joliet 29,110000742929,384
337,110000746211,TRIS,61953QNTMCROUTE,DTE Tuscola Plant,110000746211,55245
338,110002388041,TRIS,60098DRBRP1800W,Charter Dura-Bar,110002388041,54540
339,110006166139,TRIS,61327LLNVCRR1XX,Hennepin Power Station,110006166139,892
340,110006402605,TRIS,62002LLNSPNO1CH,Wood River Power Station,110006402605,898
341,110011268984,TRIS,60563NLCCHONENA,Nalco,110011268984,50326
342,110011697075,TRIS,62217LLNSP1901B,Baldwin Energy Complex,110011697075,889
343,110017300678,TRIS,60566MCRSRWARRE,BP Naperville Cogeneration Facility,110017300678,50722
344,110017414742,TRIS,60501CRNPR6400A,Ingredion Incorporated Argo Plant,110017414742,54556
345,110017420049,TRIS,62959STHRN11543,Marion,110017420049,976
346,110017422582,TRIS,62549PPGNDELWIN,PPG Industries Works 14,110017422582,54360
347,110018241829,TRIS,62361SYLNDHWY10,Pearl Station,110018241829,6238
348,110021292260,TRIS,6009WZNNRG9THST,Zion Energy Center,110021292260,55392
349,110021308253,TRIS,61858VRMLN6MILE,Vermilion Power Station,110021308253,897
350,110028019258,TRIS,60915BNGFD885NK,Bunge Oil,110028019258,52034
351,110028019560,TRIS,60185GNRLM704WW,General Mills West Chicago,110028019560,54924
352,110028019837,TRIS,60635MMMRS2019N,Mars Snackfood US,110028019837,54855
353,110040904091,TRIS,61244JHNDR11001,John Deere Harvester Works,110040904091,10039
354,110041990389,TRIS,62942MRNCR1820P,"Grand Tower Energy Center, LLC",110041990389,862
355,110043782261,TRIS,60436JLTGN1601S,Joliet 9,110043782261,874
356,110043786249,TRIS,62953LCTRC2100P,Joppa Steam,110043786249,887
357,110044852068,TRIS,6225WPRRST1739N,Prairie State Generating Station,110044852068,55856
358,110050297936,TRIS,62526DMCRN4666F,Archer Daniels Midland Co.,110050297936,10865
359,110056956281,TRIS,62707CTYWT3100S,Dallman,110056956281,963
360,110000396349,TRIS,46060PSNBL21225,Noblesville,110000396349,1007
361,110000396606,TRIS,46151NDNPL4040B,IPL - Eagle Valley Generating Station,110000396606,991
362,110000396991,TRIS,46217NDNPL3700S,IPL - Harding Street Station (EW Stout),110000396991,990
363,110000397730,TRIS,46304NRTHR246BA,Bailly Generating Station,110000397730,995
364,110000398338,TRIS,46394MCLCX2815I,BP Whiting Business Unit,110000398338,52130
365,110000398374,TRIS,46402SSGRYONENO,US Steel Corp - Gary Works,110000398374,50733
366,110000400325,TRIS,46733CNTRL1200N,Bunge North America East LLC,110000400325,50316
367,110000402314,TRIS,47250CLFTY1335C,Clifty Creek,110000402314,983
368,110000403581,TRIS,47567FRNKR6825N,Frank E Ratts,110000403581,1043
369,110000403723,TRIS,47630SGCFB3711D,F B Culley Generating Station,110000403723,1012
370,110000404278,TRIS,47905CTRPL3701S,Caterpillar,110000404278,50935
371,110000404296,TRIS,47905LLLLYLILLY,Evonik Industries AG,110000404296,54835
372,110000404349,TRIS,47928PSCYG3300N,Cayuga,110000404349,1001
373,110000493706,TRIS,46392NRTHR2723E,R M Schahfer Generating Station,110000493706,6085
374,110000493902,TRIS,47902STLYM2245N,Sagamore Plant Cogeneration,110000493902,50903
375,110000592154,TRIS,46360NRTHRWABAS,Michigan City Generating Station,110000592154,997
376,110000592216,TRIS,46401NRTHRCLARK,Dean H Mitchell,110000592216,996
377,110000592662,TRIS,47374WHTWT2000U,Whitewater Valley,110000592662,1040
378,110000592813,TRIS,47670PSNRGHWY64,Gibson,110000592813,6113
379,110000592831,TRIS,47882MRMGNHWY54,Merom,110000592831,6213
380,110000605587,TRIS,47025TNNRSAEPDR,Tanners Creek,110000605587,988
381,110000747924,TRIS,47635RCKPR2791N,Rockport,110000747924,6166
382,110001961912,TRIS,47885PSWBS450BO,Wabash River Gen Station,110001961912,1010
383,110002074111,TRIS,4694WLGNSP8THAN,Logansport,110002074111,1032
384,110007565214,TRIS,47150PSNRG30JAC,R Gallagher,110007565214,1008
385,110017393907,TRIS,47933CRWFR700LA,Crawfordsville Power Plant,110017393907,1024
386,110037247912,TRIS,47567NDNPLRRTE1,IPL - Petersburg Generating Station,110037247912,994
387,110044891150,TRIS,47620SGCBB8511W,A B Brown Generating Station,110044891150,6137
388,110066942526,TRIS,46312NLNDS3210W,Heat Recovery Coke Facility,110066942526,55066
389,110000445180,TRIS,66044LWRNC1250N,Lawrence Energy Center,110000445180,1250
390,110000445340,TRIS,66104NRMNC4240N,Nearman Creek,110000445340,6064
391,110000445368,TRIS,66104QNDRP3601N,Quindaro,110000445368,1295
392,110000596524,TRIS,66542TCMSH2NDDU,Tecumseh Energy Center,110000596524,1252
393,110000747988,TRIS,66040LCYGNRR1BO,La Cygne,110000747988,1241
394,110001955563,TRIS,67030GRDNV6001N,Gordon Evans Energy Center,110001955563,1240
395,110001964740,TRIS,67504HTCHNE30K1,Hutchinson Energy Center,110001964740,1248
396,110002128518,TRIS,67214MRRYG6100W,Murray Gill Energy Center,110002128518,1242
397,110006011680,TRIS,66536JFFRY25905,Jeffrey Energy Center,110006011680,6068
398,110008059885,TRIS,67857NSHNR23652,Neosho,110008059885,1243
399,110009570259,TRIS,67851HLCMB2440H,Holcomb,110009570259,108
400,110016688011,TRIS,67665SNRGY1224E,Russell Energy Center,110016688011,7930
401,110017494451,TRIS,66770RVRTNHWY66,Riverton,110017494451,1239
402,110055951331,TRIS,6795WBNGBN143RD,ABBK Biomass Plant,110055951331,58613
403,110000377814,TRIS,40006LSVLL487CO,Trimble County,110000377814,6071
404,110000378537,TRIS,40216LSVLL5252C,Cane Run,110000378537,1363
405,110000378733,TRIS,40272LSVLL14660,Mill Creek,110000378733,1364
406,110000380882,TRIS,42337STVPR13246,Paradise,110000380882,1378
407,110000380891,TRIS,42348CLMN04982R,Coleman,110000380891,1381
408,110000493305,TRIS,42086STVSH7900M,Shawnee,110000493305,1379
409,110000591280,TRIS,41230BGSNDUS236,Big Sandy,110000591280,1353
410,110000591422,TRIS,42452RDGRN9000H,HMP&L Station 2,110000591422,1382
411,110000591422,TRIS,42452RDGRN9000H,Robert Reid,110000591422,1383
412,110000591422,TRIS,42452RDGRN9000H,R D Green,110000591422,6639
413,110000605328,TRIS,40977KNTCKUS25E,Pineville,110000605328,1360
414,110000717877,TRIS,42350WLSNSHWY85,D B Wilson,110000717877,6823
415,110000872397,TRIS,40310KNTCKCURDS,E W Brown,110000872397,1355
416,110000872841,TRIS,40383KNTCKUS62P,Tyrone,110000872841,1361
417,110000874224,TRIS,41045KNTCKUS42P,Ghent,110000874224,1356
418,110006497585,TRIS,41091CGGSTRT338,East Bend,110006497585,6018
419,110008359542,TRIS,40391DLPWR1925F,William C. Dale,110008359542,1385
420,110008360969,TRIS,42330KNTCKUS431,Green River,110008360969,1357
421,110012142127,TRIS,41056SPRLCRTE8X,H L Spurlock,110012142127,6041
422,110012262078,TRIS,42029STVMR6264I,Marshall,110012262078,55232
423,110013870944,TRIS,42519CPRPW1247S,John S. Cooper,110013870944,1384
424,110017433375,TRIS,4039WKNTCK12145,Smith Generating Facility,110017433375,54
425,110056956940,TRIS,42303LMRSM4301U,Elmer Smith,110056956940,1374
426,110000448668,TRIS,70052CLNLS129FI,Louisiana Sugar Refining,110000448668,10301
427,110000448677,TRIS,70052KSRLMAIRLI,Noranda Alumina LLC,110000448677,50846
428,110000449792,TRIS,70760BGCJN9951C,Big Cajun 2,110000449792,6055
429,110000449863,TRIS,70767PLCDR1940L,Port Allen (LA),110000449863,50389
430,110000450155,TRIS,71052CLCCR963PO,Dolet Hills Power Station,110000450155,51
431,110000450173,TRIS,71052NTRNTHWY50,Mansfield Mill,110000450173,54091
432,110000450627,TRIS,71447CLCCR275RO,Brame Energy Center,110000450627,6190
433,110000597113,TRIS,70057SHLLCLA18A,Taft Cogeneration Facility,110000597113,55089
434,110000597248,TRIS,70602CTGPTHIGHW,CITGO Refinery Powerhouse,110000597248,52175
435,110000597364,TRIS,70734BSFCRRIVER,Geismar,110000597364,10319
436,110000597444,TRIS,70805FRMSPGULFS,Formosa Plastics,110000597444,54518
437,110000597514,TRIS,71247STNHDMILLS,Stone Container Hodge,110000597514,50810
438,110000613747,TRIS,70765GRGGLHIGHW,Axiall Plaquemine,110000613747,55051
439,110000732388,TRIS,70066NTRGY17705,Waterford 1 & 2,110000732388,8056
440,110000743394,TRIS,70737SHLLCRIVER,Shell Chemical,110000743394,56248
441,110000794383,TRIS,70514TCHPW237NE,Teche Power Station,110000794383,1400
442,110001244724,TRIS,70765THDWCHIGHW,Plaquemine Cogen Facility,110001244724,55419
443,110001248891,TRIS,70129NTRGY3601P,Michoud,110001248891,1409
444,110002045867,TRIS,71060MRCNL11730,Lieberman Power Plant,110002045867,1417
445,110002045885,TRIS,70776NTRGY2605H,Willow Glen,110002045885,1394
446,110003271049,TRIS,70669NTRGY3500H,Nelson Industrial Steam Company,110003271049,50030
447,110003275866,TRIS,70043CHLMT7CKEP,CII Carbon LLC,110003275866,54677
448,110006020028,TRIS,70634BSSTHUSHIG,DeRidder Mill,110006020028,10488
449,110006020215,TRIS,70792GRCCHEASTB,Mosaic Phosphates Uncle Sam,110006020215,10198
450,110009575762,TRIS,70032MSTRS7417N,Domino Sugar Arabi Plant,110009575762,54512
451,110012384286,TRIS,70791GRGPCZACHA,Georgia-Pacific Port Hudson,110012384286,10612
452,110017782568,TRIS,71292MNVLL1031J,Plant 31 Paper Mill,110017782568,50028
453,110045634774,TRIS,70143TNNCL500WE,Chalmette Refining LLC,110045634774,50626
454,110000308435,TRIS,01151MNSNT730WO,Indian Orchard Plant 1,110000308435,10417
455,110000308444,TRIS,01151MSSPW750WO,MASSPOWER,110000308444,10726
456,110000308480,TRIS,01201PTTSF235ME,Pittsfield Generating,110000308480,50002
457,110000309354,TRIS,01615NRTNC1NEWB,Norton Powerhouse,110000309354,50041
458,110000310191,TRIS,01910GNRLL1000W,General Electric Aircraft,110000310191,10029
459,110000310431,TRIS,01960STMNG227WA,Rousselot Inc,110000310431,50955
460,110000310459,TRIS,01970SGNNW24FOR,Salem Harbor Station,110000310459,1626
461,110000310486,TRIS,02019NRTHS92DEP,Bellingham,110000310486,10307
462,110000310761,TRIS,02106THGLLGILLE,Gillette SBMC,110000310761,54225
463,110000310823,TRIS,02127NWBST776SU,Exelon L Street Generating Station,110000310823,1587
464,110000310823,TRIS,02127NWBST776SU,New Boston Generating Station,110000310823,1589
465,110000310841,TRIS,02129MYSTC173AL,Mystic,110000310841,1588
466,110000310976,TRIS,02142CMBRD265FI,Kendall Green Energy LLC,110000310976,1595
467,110000311485,TRIS,02563CNLLC9FREE,Canal Station,110000311485,1599
468,110000311911,TRIS,02747DRTMT1ENER,Dartmouth Power,110000311911,52026
469,110000312028,TRIS,02770SMSSR141CR,SEMASS Resource Recovery,110000312028,50290
470,110000312064,TRIS,02780TNTNM1314S,Cleary Flood,110000312064,1682
471,110000581086,TRIS,01040MTTMSRTE5S,Mount Tom,110000581086,1606
472,110000581086,TRIS,01040MTTMSRTE5S,Cabot Holyoke,110000581086,9864
473,110000881733,TRIS,02215DVNCD474BR,Medical Area Total Energy Plant,110000881733,10883
474,110001937922,TRIS,02715DGHTN1450S,Dighton,110001937922,55026
475,110001959195,TRIS,01852LWLLP2TANN,L'Energia Energy Center,110001959195,54586
476,110002011625,TRIS,0218WBRNTR15PTT,Potter,110002011625,1660
477,110002028635,TRIS,01507MLLNN10SHE,Millennium Power Partners,110002028635,55079
478,110002059361,TRIS,01001BRKSH36MYL,Berkshire Power,110002059361,55041
479,110011136653,TRIS,01001CSPRN188MS,Pioneer Valley Resource Recovery,110011136653,50273
480,110014398455,TRIS,01420NWRKM1NEWA,Newark America Mill,110014398455,57103
481,110024352289,TRIS,02191FRRVR9BRID,Exelon Edgar LLC,110024352289,1585
482,110024352289,TRIS,02191FRRVR9BRID,Fore River Energy Center,110024352289,55317
483,110028092597,TRIS,02726SGNNWBRAYT,Brayton Point,110028092597,1619
484,110045630956,TRIS,01089CMWST15AGA,West Springfield,110045630956,1642
485,110000339143,TRIS,20664MRGNT12620,Morgantown,110000339143,1573
486,110000339303,TRIS,20842DCKRS21200,Dickerson,110000339303,1572
487,110000339713,TRIS,21220CPCRN1001C,C P Crane,110000339713,1552
488,110000499559,TRIS,21130PRRYM900CH,Perryman,110000499559,1556
489,110000551055,TRIS,21502SWRRR11600,AES Warrior Run,110000551055,10678
490,110000585260,TRIS,21869VNNPWCHAPE,Vienna,110000585260,1564
491,110000732823,TRIS,21230MSTRS1100K,Domino Sugar Baltimore,110000732823,54795
492,110000869720,TRIS,20892NTNLN9000R,NIH Cogeneration Facility,110000869720,56668
493,110005974286,TRIS,20608CHLKP25100,Chalk Point,110005974286,1571
494,110019893276,TRIS,21230GLDST2105G,Gould Street,110019893276,1553
495,110022381545,TRIS,21795RPLSM15952,R. Paul Smith Power Station,110022381545,1570
496,110043089635,TRIS,21222RVWRSMAINS,Riverside,110043089635,1559
497,110000314570,TRIS,04457LNCLNKATAH,Lincoln Paper & Tissue,110000314570,54587
498,110000314589,TRIS,04462GRTNR1KATA,East Millinocket Mill,110000314589,55830
499,110000581406,TRIS,04096WFWYMCOUSI,William F Wyman,110000581406,1507
500,110000581460,TRIS,04468JMSRVPORTL,Red Shield Envir Old Town Facility,110000581460,10700
501,110008053587,TRIS,04239NTRNTRILEY,Androscoggin Mill,110008053587,54085
502,110013359178,TRIS,04694GRGPCMILLA,Domtar - Woodland Mill,110013359178,10613
503,110017413468,TRIS,04976SDWRRRFD3U,Somerset Plant,110017413468,50406
504,110020857134,TRIS,04092SDWRR89CUM,S D Warren Westbrook,110020857134,50447
505,110025329963,TRIS,04416CHMPNMAINS,Bucksport Generation LLC,110025329963,50243
506,110058114776,TRIS,04276BSCSCROUTE,Mead Rumford Cogen,110058114776,10491
507,110058114776,TRIS,04276BSCSCROUTE,Rumford Cogeneration,110058114776,10495
508,110060257760,TRIS,0410WFPLNR2CEAN,Cape Gas Turbine,110060257760,1484
509,110063588844,TRIS,04239NDRSCGATE1,Androscoggin Energy,110063588844,55031
510,110000404517,TRIS,48006DTRTD7000K,Greenwood,110000404517,6035
511,110000404580,TRIS,48040DTRTD301GR,Marysville,110000404580,1732
512,110000404740,TRIS,48054DTRTD4901P,St. Clair,110000404740,1743
513,110000405357,TRIS,48091HYDRM23500,Powertrain Warren General Motors,110000405357,10032
514,110000405927,TRIS,48161DTRTD3500E,Monroe,110000405927,1733
515,110000406267,TRIS,48183DTRTD4695W,Trenton Channel,110000406267,1745
516,110000406917,TRIS,48218DTRTD1BELA,River Rouge,110000406917,1740
517,110000408531,TRIS,48901LNSNG601IS,Eckert Station,110000408531,1831
518,110000408791,TRIS,49007JMSRV243EA,"Graphic Packaging International, Inc.",110000408791,10698
519,110000409291,TRIS,49078MNSHC320NF,"Otsego Paper, Inc.",110000409291,55799
520,110000410396,TRIS,49417GRNDH1231N,J B Sims,110000410396,1825
521,110000411037,TRIS,49445BCCBB151NC,B C Cobb,110000411037,1695
522,110000411108,TRIS,49460JHCMP17000,J H Campbell,110000411108,1710
523,110000412170,TRIS,49707BTBPR416FO,Decorative Panels Intl,110000412170,10149
524,110000412321,TRIS,49829PPRPN2000P,Escanaba,110000412321,1771
525,110000412394,TRIS,49858MNMNP144FI,Menominee Acquisition,110000412394,52017
526,110000412447,TRIS,49862KMBRL601EM,Neenah Paper Munising Mill,110000412447,54867
527,110000497150,TRIS,48441DTRTD755NH,Harbor Beach,110000497150,1731
528,110000541708,TRIS,49423HLLND64PIN,James De Young,110000541708,1830
529,110000593171,TRIS,48732DKRNJNWEAD,Dan E Karn,110000593171,1702
530,110000593171,TRIS,48732DKRNJNWEAD,J C Weadock,110000593171,1720
531,110000700812,TRIS,48166DTRTD6400N,Fermi,110000700812,1729
532,110000733010,TRIS,48079KZSLT916SO,Cargill Salt,110000733010,54965
533,110001680823,TRIS,48192WYNDT2555V,Wyandotte,110001680823,1866
534,110001840964,TRIS,48157JRWHT4525E,J R Whiting,110001840964,1723
535,110015742605,TRIS,49707LFRGCFORDA,LaFarge Alpena,110015742605,50305
536,110017408848,TRIS,49829MDPBLCOUNT,Escanaba Mill,110017408848,10208
537,110017414038,TRIS,48054DTRTD4505K,Belle River,110017414038,6034
538,110017422467,TRIS,49876CHMPNUSHIG,Verso Paper Quinnesec Mich Mill,110017422467,50251
539,110017426962,TRIS,49855MRQTTEHAMP,Shiras,110017426962,1843
540,110017431162,TRIS,49252MCHGN720HE,Endicott Generating,110017431162,4259
541,110025332030,TRIS,49971WHTPN3377P,White Pine Electric Power,110025332030,10148
542,110028029620,TRIS,48063WRNRL870PA,Par Sterile Products,110028029620,50318
543,110040862527,TRIS,49423HLLND491E4,48th Street Peaking Station,110040862527,7258
544,110040958425,TRIS,48917LNSNG3725S,Erickson,110040958425,1832
545,110056958225,TRIS,49634TSFLR700ME,TES Filer City Station,110056958225,50835
546,110056964030,TRIS,49855PRSQS2701L,Presque Isle,110056964030,1769
547,110000423612,TRIS,55003SKNGG1103K,Allen S King,110000423612,1915
548,110000423658,TRIS,55016LSPCT95251,Cottage Grove Cogeneration,110000423658,55010
549,110000424032,TRIS,55102HGHBR501SH,High Bridge,110000424032,1912
550,110000424700,TRIS,55308NRTHR13999,Sherburne County,110000424700,6090
551,110000425656,TRIS,55418RVRSD3100M,Riverside (1927),110000425656,1927
552,110000426263,TRIS,55720PTLTCNORTH,Sappi Cloquet Mill,110000426263,50639
553,110000426361,TRIS,55807LKSPR100NO,Duluth Paper Mill,110000426361,50424
554,110000426469,TRIS,55906RCHST425WS,Silver Lake,110000426469,2008
555,110000426487,TRIS,55912STNTL37011,Northeast Station,110000426487,1961
556,110000427048,TRIS,56171LLNTN84412,Fox Lake,110000427048,1888
557,110000427315,TRIS,56377CHMPN100EA,Sartell Dam,110000427315,50252
558,110000427422,TRIS,56537TTRTL1012W,Hoot Lake,110000427422,1943
559,110000427440,TRIS,56560MRCNC2500N,American Crystal Sugar Moorhead,110000427440,54211
560,110000427501,TRIS,56649BSCSCSECON,Boise Cascade International Falls,110000427501,10486
561,110000594811,TRIS,56284STHRNEASTH,Southern Minnesota Beet Sugar,110000594811,54533
562,110000594919,TRIS,56716MRCNCHIGHW,American Crystal Sugar Crookston,110000594919,54212
563,110000737070,TRIS,56401PTLTC1801M,Brainerd Public Utilities,110000737070,50636
564,110000847291,TRIS,55343HNYWL600SE,Alliant Techsystems,110000847291,7376
565,110001442341,TRIS,5579WVRGNP6182N,Virginia,110001442341,2018
566,110001829610,TRIS,55077NVRHL31851,Inver Hills,110001829610,1913
567,110001850015,TRIS,56201WLLMR71BEN,Willmar,110001850015,2022
568,110006367172,TRIS,55613TCNTH8124W,Taconite Harbor Energy Center,110006367172,10075
569,110007372100,TRIS,55705LSKNN5699C,Laskin Energy Center,110007372100,1891
570,110007602095,TRIS,56721MRCNCHIGHW,American Crystal Sugar East Grand Forks,110007602095,54214
571,110008694975,TRIS,56176LKFLD21592,Lakefield Junction Generating,110008694975,7925
572,110008811492,TRIS,56073NWLMP310FI,New Ulm,110008811492,2001
573,110009397535,TRIS,55379BLLKG127TH,Blue Lake Generating Plant,110009397535,8027
574,110012145507,TRIS,55926GRTRV68435,Pleasant Valley Station,110012145507,7843
575,110013325507,TRIS,56001RCHRD3RDHA,Archer Daniels Midland Mankato,110013325507,10863
576,110017409320,TRIS,55337BLCKD1400E,Black Dog,110017409320,1904
577,110020155945,TRIS,55021MNNST41PAR,Faribault Energy Park,110020155945,56164
578,110025213061,TRIS,56001MNKTN1FAZI,Mankato Energy Center,110025213061,56104
579,110040318475,TRIS,5537WKDNRG9753R,Koda Biomass Plant,110040318475,57119
580,110041028492,TRIS,55721BSWLL1200N,Boswell Energy Center,110041028492,1893
581,110000440210,TRIS,63028RSHSL100BI,Rush Island,110000440210,6155
582,110000440470,TRIS,63055LBDPWNO10L,Labadie,110000440470,2103
583,110000441291,TRIS,63118NHSRBONEBU,Anheuser-Busch St Louis,110000441291,10430
584,110000442209,TRIS,63386SXPWR8501N,Sioux,110000442209,2107
585,110000442548,TRIS,63801SKSTN1551W,Sikeston,110000442548,6768
586,110000444243,TRIS,65244THMSHRTE1B,Thomas Hill Energy Center,110000444243,2168
587,110000445037,TRIS,65804JMSRV5701K,James River,110000445037,2161
588,110000606336,TRIS,63869NWMDRSTJUD,New Madrid Power Plant,110000606336,2167
589,110001451777,TRIS,65340MRSHL765WN,Marshall (MO),110001451777,2144
590,110001958515,TRIS,63129MRMCP8200F,Meramec,110001958515,2104
591,110002127680,TRIS,64735MNTRS400SA,Montrose,110002127680,2080
592,110005984970,TRIS,64601CHLLC1301W,Chillicothe,110005984970,2122
593,110014466069,TRIS,64504STJSP1413L,Lake Road,110014466069,2098
594,110017410942,TRIS,64120HWTHR8700H,Hawthorn,110017410942,2079
595,110017976403,TRIS,63933STFRNRTE1B,St. Francis Power Plant,110017976403,7604
596,110017982593,TRIS,64088SBLYG3200E,Sibley,110017982593,2094
597,110017985019,TRIS,65024CHMSPSTATE,Chamois Power Plant,110017985019,2169
598,110018010392,TRIS,65205CLMBM1501B,Columbia,110018010392,2123
599,110041172557,TRIS,64051CTYFN21500,Blue Valley,110041172557,2132
600,110042630542,TRIS,64098TNGNR20250,Iatan,110042630542,6065
601,110055026396,TRIS,65619STHWSWALNU,John Twitty Energy Center,110055026396,6195
602,110056960418,TRIS,64833SBRYG21133,Asbury,110056960418,2076
603,110000375781,TRIS,38702NTRGYSTATE,Gerald Andrus,110000375781,8054
604,110000376548,TRIS,39180NTRGY770KE,Baxter Wilson,110000376548,2050
605,110000376575,TRIS,39181RGNRFPOBOX,Ergon Refining Vicksburg,110000376575,54918
606,110000377271,TRIS,39475RDMRR304OL,R D Morrow Senior Generating Plant,110000377271,6061
607,110000590851,TRIS,39502MSSSSINTER,Watson Electric Generating Plant,110000590851,2049
608,110000590940,TRIS,39703CLMBSCARSO,Weyerhaeuser Columbus MS,110000590940,50184
609,110000741485,TRIS,39194MSSSSHIGHW,CF Industries Yazoo City Complex,110000741485,10195
610,110002222871,TRIS,38930GRNWDRIVER,Henderson,110002222871,2062
611,110002228027,TRIS,39309SNVYN429AL,Meridian,110002228027,7719
612,110009113486,TRIS,38603STVBN352HW,Magnolia Facility,110009113486,55451
613,110010569535,TRIS,38732NTRGY3964H,Delta (MS),110010569535,2051
614,110012705956,TRIS,39328STVKM221MA,Kemper County,110012705956,7960
615,110016774864,TRIS,3976WTVCLD255LN,Caledonia,110016774864,55197
616,110017416599,TRIS,39654GRGPCSANDI,Georgia-Pacific Monticello Paper,110017416599,10610
617,110021170908,TRIS,39735TRCTBRTE1B,Red Hills Generation Facility,110021170908,55076
618,110039204303,TRIS,3867WTVSTH2881S,Southaven Combined Cycle,110039204303,55269
619,110040875666,TRIS,39552MSSSSHWY63,Daniel Electric Generating Plant,110040875666,6073
620,110056956691,TRIS,39462LFRVRHWY29,Leaf River Cellulose LLC,110056956691,10233
621,110010427635,TRIS,59107MNTNP301CH,J E Corette,110010427635,2187
622,110020377019,TRIS,59270LWSCLSOFSI,Lewis & Clark,110020377019,6089
623,110038363623,TRIS,59034HRDNGSUGAR,Hardin Generating Station,110038363623,55749
624,110041886144,TRIS,59323RSBDPPOBOX,Colstrip Energy LP,110041886144,10784
625,110041982520,TRIS,59323MNTNPWILLO,Colstrip,110041982520,6076
626,110043693964,TRIS,5971WDVGTS241UN,Mill Creek Generating Station,110043693964,56908
627,110043806085,TRIS,59101CNCBL401SO,Phillips 66 Billings Refinery,110043806085,56496
628,110000345993,TRIS,27288DKNRG900SE,Dan River,110000345993,2723
629,110000346386,TRIS,27343RXBRS1700D,Roxboro,110000346386,2712
630,110000347045,TRIS,27573CGNTR331AL,CPI USA North Carolina Roxboro,110000347045,10379
631,110000347777,TRIS,27890RNKVL290PO,Westmoreland Partners Roanoke Valley I,110000347777,54035
632,110000347777,TRIS,27890RNKVL290PO,Westmoreland Partners Roanoke Valley II,110000347777,54755
633,110000348008,TRIS,28012DKNRG253PL,G G Allen,110000348008,2718
634,110000348641,TRIS,28120DKNRG175ST,Riverbend,110000348641,2732
635,110000349070,TRIS,28150PPGNDRT4XX,PPG Industries Shelby NC Works,110000349070,54363
636,110000349882,TRIS,28337CGNTR3100W,NC Renewable Power - Elizabethtown,110000349882,10380
637,110000350049,TRIS,28358WHWTH491PO,W H Weatherspoon,110000350049,2716
638,110000350174,TRIS,28401LVSTT801SU,L V Sutton,110000350174,2713
639,110000350174,TRIS,28401LVSTT801SU,SunEdison LV Sutton Plant Site,110000350174,56938
640,110000350370,TRIS,28461PFZRNEASTM,Archer Daniels Midland Southport,110000350370,54316
641,110000350478,TRIS,28560WYRHSSTREE,Weyerhaeuser - New Bern,110000350478,50188
642,110000351397,TRIS,28682DKNRG8320E,Marshall,110000351397,2727
643,110000496552,TRIS,27530HFLST1677O,H F Lee Steam Electric Plant,110000496552,2709
644,110000496552,TRIS,27530HFLST1677O,Wayne County,110000496552,7538
645,110000586349,TRIS,27559CPFRS500CP,Cape Fear,110000586349,2708
646,110000586376,TRIS,27806TXSGLHIGHW,PCS Phosphate,110000586376,50509
647,110000586401,TRIS,27835BRRGHINTER,DSM Pharmaceuticals,110000586401,54887
648,110000587071,TRIS,28704SHVLL200CP,Asheville,110000587071,2706
649,110000604141,TRIS,27052DKNRGPINEH,Belews Creek,110000604141,8042
650,110000861032,TRIS,27107CRNPR4501O,Ingredion Winston Salem,110000861032,54618
651,110001483261,TRIS,27870RSMRY12THS,Rosemary Power Station,110001483261,50555
652,110001495347,TRIS,28164DKNRG6769O,Lincoln,110001495347,7277
653,110001978334,TRIS,28146DKNRG1555D,Buck,110001978334,2720
654,110004060417,TRIS,28345PRGRSNCSR1,Richmond County Plant,110004060417,7805
655,110006424404,TRIS,28024DKNRGDUKEP,Cliffside,110006424404,2721
656,110007015050,TRIS,28358CGNTRSR220,NC Renewable Power - Lumberton LLC,110007015050,10382
657,110007015050,TRIS,28358CGNTRSR220,NC Renewable Power - Lumberton LLC,110007015050,10382
658,110007377338,TRIS,28392CRLNFHWY87,Smithfield Farmland Corp Bladen,110007377338,54823
659,110007669380,TRIS,28301PBLCWSTATE,Butler-Warner Generation Plant,110007669380,1016
660,110009719304,TRIS,28456FDRLPRIEGE,International Paper Riegelwood Mill,110009719304,54656
661,110009846480,TRIS,28716CHMPNMAINS,Blue Ridge Paper Products Inc.,110009846480,50244
662,110013794000,TRIS,27962WYRHSTROWB,Domtar Paper Co LLC Plymouth NC,110013794000,50189
663,110017385051,TRIS,28398MRPHYCARRO,Murphy-Brown LLC,110017385051,55002
664,110018702769,TRIS,28091CRLNP2593P,Blewett,110018702769,2707
665,110020516486,TRIS,28144PRGRS5755N,Plant Rowan County,110020516486,7826
666,110022568531,TRIS,27809CGNTRRTE2S,"Edgecombe Genco, LLC",110022568531,10384
667,110025240996,TRIS,2732WDKNRG24ERB,Rockingham County Combustion Turbine,110025240996,55116
668,110028028952,TRIS,27893DNNRB2401W,Smithfield Farmland Corp-Wilson,110028028952,56035
669,110037266990,TRIS,27870CHMPNNORTH,KapStone Paper and Packaging Corp,110037266990,50254
670,110043787783,TRIS,28461CGNTR1281C,CPI USA North Carolina Southport,110043787783,10378
671,110057382666,TRIS,27573MYLCT10660,Mayo,110057382666,6250
672,110000428136,TRIS,58027NRTHR55251,Enderlin,110000428136,54908
673,110000428369,TRIS,58523NTLPV294CO,Antelope Valley,110000428369,6469
674,110000428378,TRIS,58523TTRTL62401,Coyote,110000428378,8222
675,110000428387,TRIS,58530MLTNR34012,Milton R Young,110000428387,2823
676,110000494563,TRIS,58576GRTRV28753,Coal Creek,110000494563,6030
677,110000595035,TRIS,58282DMCRNCOUNT,Walhalla,110000595035,55638
678,110000595080,TRIS,58571GRTRV4001H,Stanton,110000595080,2824
679,110000595099,TRIS,58571LLNDL3901H,Leland Olds,110000595099,2817
680,110022356591,TRIS,58554RMHSKHWY18,R M Heskett,110022356591,2790
681,110022357180,TRIS,58225MRCNCPOBOX,American Crystal Sugar Drayton,110022357180,54213
682,110025329918,TRIS,58554MCLCMNORTH,Tesoro Mandan Cogeneration Plant,110025329918,52133
683,110039526377,TRIS,5848WGRTRV33669,Spiritwood Station,110039526377,56786
684,110056190704,TRIS,58045MRCNCHWY81,American Crystal Sugar Hillsboro,110056190704,54210
685,110000447785,TRIS,68368NBRSK4500W,Sheldon,110000447785,2277
686,110000448043,TRIS,68601MNNST3000E,Archer Daniels Midland Columbus,110000448043,57046
687,110000448249,TRIS,68801PLTTG1035W,Platte,110000448249,59
688,110000565816,TRIS,68501LNCLN8000S,Rokeby,110000565816,6373
689,110000606489,TRIS,68410MHPBLRR3XX,Nebraska City Station,110000606489,6096
690,110000606522,TRIS,69165GRLDGSHWY2,Gerald Gentleman Station,110000606522,6077
691,110001505602,TRIS,68901WHLNNEHWY6,Gerald Whelan Energy Center,110001505602,60
692,110001979477,TRIS,68850NBRSK74965,Canaday,110001979477,2226
693,110002382680,TRIS,68507RCHRD78THA,Archer Daniels Midland Lincoln,110002382680,10862
694,110014390514,TRIS,68517LSSLT777BL,Terry Bundy Generating Station,110014390514,7887
695,110040983308,TRIS,68025CTYFF2701E,Lon D Wright Power Plant,110040983308,2240
696,110041061374,TRIS,68112MHPBL7475P,North Omaha Station,110041061374,2291
697,110000313802,TRIS,03304PBLCS97RIV,Merrimack,110000313802,2364
698,110000314197,TRIS,03878GNRLL130MA,General Electric Great Falls Upper Hydro,110000314197,10059
699,110000602991,TRIS,03801PBLCSGOSLI,Schiller,110000602991,2367
700,110000884017,TRIS,03842FSSMN380LA,Hampton Facility,110000884017,10108
701,110021167011,TRIS,03801CNDNW99OLD,"Essential Power Newington Energy, LLC",110021167011,55661
702,110045448262,TRIS,03801NWNGT165GO,Newington,110045448262,8002
703,110000317826,TRIS,07002CGNTC10HOO,"Bayonne Plant Holding, LLC",110000317826,50497
704,110000320714,TRIS,07840MMMRSHIGHS,MARS Chocolate North American LLC,110000320714,10061
705,110000321241,TRIS,08070DPWTR373NB,Deepwater,110000321241,2384
706,110000321456,TRIS,08104CMDNC570CH,"Camden Plant Holding, LLC",110000321456,10751
707,110000321526,TRIS,08223BLNGL900NS,B L England,110000321526,2378
708,110000321688,TRIS,08611TRGNT320SW,Veolia Energy Trenton L.P.,110000321688,50094
709,110000321811,TRIS,08701LKWDC123EN,"Essential Power Lakewood, LLC",110000321811,54640
710,110000322589,TRIS,08902RSQBBONESQ,Bristol Myers Squibb New Brunswick,110000322589,54829
711,110000492020,TRIS,07065MRCKC126EL,Merck Rahway Power Plant,110000492020,10224
712,110000575182,TRIS,08014PGCRPRTE13,Logan Generating Plant,110000575182,10043
713,110000582012,TRIS,08016BRLNGWBROA,Burlington Generating Station,110000582012,2399
714,110000582094,TRIS,08067PDRCK143US,Pedricktown Cogeneration Plant,110000582094,10099
715,110000582236,TRIS,08611MRCRGLAMBE,Mercer Generating Station,110000582236,2408
716,110000603197,TRIS,08362VNLND211NW,Howard M Down,110000603197,2434
717,110000734359,TRIS,08848GLBRT315RI,Gilbert Generating Station,110000734359,2393
718,110000801614,TRIS,07077PBLCS751CL,Sewaren Generating Station,110000801614,2411
719,110000836659,TRIS,08817PBLCSSILVE,Edison,110000836659,2400
720,110000869105,TRIS,07036LNDNGWOODA,Linden Generating Station,110000869105,2406
721,110001530898,TRIS,07102PBLCS155RA,Essex,110001530898,2401
722,110001536197,TRIS,07512HFFMN970RI,Hoffmann LaRoche,110001536197,10123
723,110001539050,TRIS,07105NWRKB41446,Newark Bay Cogen,110001539050,50385
724,110001540681,TRIS,08859CLPNP970WA,"EFS Parlin Holdings, LLC",110001540681,50799
725,110002093109,TRIS,11105STRGN18012,Astoria Generating Station,110002093109,8906
726,110002093109,TRIS,11105STRGN18012,Astoria Gas Turbine Power,110002093109,55243
727,110006367528,TRIS,07032KRNYGHACKE,Kearny Generating Station,110006367528,2404
728,110013716826,TRIS,07657BRGNGVICTO,Bergen,110013716826,2398
729,110017403264,TRIS,08069CRNYS500SH,Carneys Point,110017403264,10566
730,110020515334,TRIS,08872RLNTNRIVER,Sayreville,110020515334,2390
731,110022294569,TRIS,08066MBLLCBILLI,Paulsboro Refining Company LLC,110022294569,50628
732,110022447510,TRIS,08362VNLNDNEWPE,West Station,110022447510,6776
733,110023772229,TRIS,0833WCMBRL41EAS,Cumberland Energy Center,110023772229,5083
734,110040954296,TRIS,07306HDSNGDUFFI,Hudson Generating Station,110040954296,2403
735,110041133163,TRIS,07036XXNXX1400P,Bayway Refinery,110041133163,56294
736,110043803685,TRIS,07002BYNNN141HD,PSEG Bayonne Generating Station,110043803685,2397
737,110043803685,TRIS,07002BYNNN141HD,Bayonne Energy Center,110043803685,56964
738,110046445548,TRIS,08093GLPNTUSRPO,Eagle Point Power Generation,110046445548,50561
739,110069998645,TRIS,08038NCLRBENDOF,PSEG Hope Creek Generating Station,110069998645,6118
740,110000600868,TRIS,87421SNJNGCOUNT,San Juan,110000600868,2451
741,110000758797,TRIS,87045PLNSSCOUNT,Escalante ,110000758797,87
742,110002468375,TRIS,88240STHWS13MIL,Cunningham,110002468375,2454
743,110028023467,TRIS,88043CHNMN210CO,Chino Mines,110028023467,54667
744,110042056333,TRIS,88065PHLPSHWY90,Freeport McMoRan,110042056333,54734
745,110042068473,TRIS,87416FRCRNCOUNT,Four Corners Steam Elec Station,110042068473,2442
746,110000473014,TRIS,89447FRTCH1000S,Fort Churchill,110000473014,2330
747,110000495508,TRIS,89438NRTHVI80EX,North Valmy,110000495508,8224
748,110000497882,TRIS,89025RDGRD1WALL,Reid Gardner,110000497882,2324
749,110000497891,TRIS,89029MHVGN2600E,Mohave,110000497891,2341
750,110039075675,TRIS,8982WNWMNT91DUN,TS Power Plant,110039075675,56224
751,110063916062,TRIS,89434TRCYG191WU,Tracy,110063916062,2336
752,110000322623,TRIS,10009CNSLD801E1,East River,110000322623,2493
753,110000323070,TRIS,10965LDRLLNORTH,Lederle Laboratories,110000323070,10521
754,110000323230,TRIS,11105NWYRK31032,Charles Poletti,110000323230,2491
755,110000323953,TRIS,11742RCHRD607UN,Richard M Flynn (Holtsville),110000323953,7314
756,110000324177,TRIS,12077NGRMHRTE14,Bethlehem Energy Center (Albany),110000324177,2539
757,110000324364,TRIS,12144RNSSL39RIV,Rensselaer Cogen,110000324364,54034
758,110000324747,TRIS,12550RSTNG992RA,Roseton Generating LLC,110000324747,8006
759,110000324845,TRIS,12801FNCHP1GLEN,Finch Paper,110000324845,10511
760,110000324934,TRIS,12822NDCKC24WHI,Indeck-Corinth Energy Center,110000324934,50458
761,110000325005,TRIS,12883NTRNTSHORE,Ticonderoga Mill,110000325005,54099
762,110000325416,TRIS,13126NGRMH261WA,Oswego Harbor Power,110000325416,2594
763,110000326371,TRIS,14012SSMRS7725L,Somerset Operating Company  (Kintigh),110000326371,6082
764,110000326460,TRIS,14048NGRMH106PO,NRG Dunkirk Power,110000326460,2554
765,110000326530,TRIS,14094LCKPR5706U,Lockport,110000326530,54041
766,110000326709,TRIS,14150CRHNT3500R,Huntley Power,110000326709,2549
767,110000327619,TRIS,14441SGRND590PL,Greenidge Generation LLC,110000327619,2527
768,110000327986,TRIS,14614BBSTT254MI,Rochester 3,110000327986,2640
769,110000328235,TRIS,14701SMLCR136ST,S A Carlson,110000328235,2682
770,110000328547,TRIS,14882SCYGL228MI,"Cayuga Operating Company, LLC",110000328547,2535
771,110000492173,TRIS,14652STMNK1669L,"RED-Rochester, LLC-Eastman Business Park",110000492173,10025
772,110000498355,TRIS,14612RSSLL1101B,Rochester 7,110000498355,2642
773,110000582352,TRIS,10993BWLNPSAMSO,Bowline Generating Station,110000582352,2625
774,110000582389,TRIS,11558FBRRTMCCAR,E F Barrett,110000582389,2511
775,110000582398,TRIS,11768NRTHPWATER,Northport,110000582398,2516
776,110000739915,TRIS,10993LVTTGSAMSO,Lovett,110000739915,2629
777,110001576376,TRIS,11801TBGCG939SB,Bethpage Energy Center,110001576376,50292
778,110001578276,TRIS,14304CHRSR5300F,"Niagara Generation, LLC",110001578276,50202
779,110001587603,TRIS,14550NDCKS1INDE,Indeck-Silver Springs Energy Center,110001587603,50449
780,110001589282,TRIS,14304CCDNT56THS,Covanta Niagara,110001589282,50472
781,110001596381,TRIS,14760NDCKL140MO,Indeck-Olean Energy Center,110001596381,54076
782,110001599958,TRIS,1412WFRTST17ERI,Fortistar North Tonawanda Inc,110001599958,54131
783,110001600189,TRIS,13209CHRSR300BE,"Syracuse, LLC",110001600189,10621
784,110001600296,TRIS,12033TRNSC1902R,"Castleton Power, LLC",110001600296,10190
785,110001603809,TRIS,1305WCRRST64CAR,Carr Street Generating Station,110001603809,50978
786,110002053580,TRIS,13305CHRSR3MAIN,"Beaver Falls, LLC",110002053580,10617
787,110006532751,TRIS,11547GLNWDSHORE,Glenwood Landing Energy Center,110006532751,7869
788,110007383919,TRIS,13669GNRGYSERVI,AG - Energy,110007383919,10803
789,110007990246,TRIS,1143WCLPNJKENNE,KIAC Cogeneration,110007990246,54114
790,110007994723,TRIS,1179WWDNGRNRTHC,Wading River Facility,110007994723,7146
791,110008024958,TRIS,13642CLLTS4921R,Cellu Tissue Natural Dam,110008024958,54878
792,110008025528,TRIS,11777PRTJFBEECH,Port Jefferson Energy Center,110008025528,2517
793,110008035704,TRIS,13603FRTDR2NDST,"Black River Generation, LLC",110008035704,10464
794,110008054265,TRIS,11232NRRWS53RDS,Narrows Generating Station,110008054265,2499
795,110009461910,TRIS,11205BRKLYBROOK,Brooklyn Navy Yard Cogeneration,110009461910,54914
796,110010433977,TRIS,11232GWNSG29THS,Gowanus Generating Station,110010433977,2494
797,110019162671,TRIS,11520QSFRP289BU,Freeport Power Plant No. 2,110019162671,2679
798,110019162671,TRIS,11520QSFRP289BU,Equus  Power I,110019162671,56032
799,110019185040,TRIS,14203GNRLM54SOU,General Mills Inc,110019185040,54564
800,110019252262,TRIS,1412WSGYPS275MA,US Gypsum Oakfield,110019252262,50203
801,110019611375,TRIS,11790NSSQG299SU,Nissequogue Energy Center,110019611375,54149
802,110019673441,TRIS,11691BYSWT1425B,Bayswater Peaking Facility,110019673441,55699
803,110019673441,TRIS,11691BYSWT1425B,Jamaica Bay Peaking,110019673441,56141
804,110023138451,TRIS,11704PNLWN38PAT,Pinelawn Power,110023138451,56188
805,110033144292,TRIS,10511CNSLDBROAD,Indian Point 2,110033144292,2497
806,110033146165,TRIS,11101CNSLD3854V,Ravenswood Generating Station,110033146165,2500
807,110040566893,TRIS,11980CTHNS5ZRNB,Caithness Long Island Energy Center,110040566893,56234
808,110042050197,TRIS,11742HLTSV180AM,Holtsville Facility,110042050197,8007
809,110051571228,TRIS,12550DNSKM594RI,Danskammer Generating Station,110051571228,2480
810,110000382069,TRIS,43137MRCNL9301U,Picway,110000382069,2843
811,110000383399,TRIS,43502SDRWD502MI,Sauder Power Plant,110000383399,54974
812,110000384325,TRIS,43616FRSTN4701B,Bay Shore,110000384325,2878
813,110000384735,TRIS,43812STNCN500N4,RockTenn Coshocton Mill,110000384735,50811
814,110000384922,TRIS,43947FRSTN57246,FirstEnergy R E Burger,110000384922,2864
815,110000385002,TRIS,44004FRSTN2133L,Ashtabula,110000385002,2835
816,110000385173,TRIS,44012FRSTN33570,Avon Lake Power Plant,110000385173,2836
817,110000385878,TRIS,44077CTYFP325RI,Painesville,110000385878,2936
818,110000386332,TRIS,44095FRSTN10ERI,Eastlake,110000386332,2837
819,110000386500,TRIS,44103FRSTN6800S,Lake Shore,110000386500,2838
820,110000389847,TRIS,44481WRRNW1040P,ArcelorMittal Warren,110000389847,54207
821,110000391816,TRIS,44875SHLBY34MAN,Shelby Municipal Light Plant,110000391816,2943
822,110000392860,TRIS,45153CNCNN1781U,W H Zimmer Generating Station,110000392860,6019
823,110000393333,TRIS,45217PRCTR5201S,Procter & Gamble Cincinnati Plant,110000393333,50456
824,110000394145,TRIS,45342DYTNP9200C,O H Hutchings,110000394145,2848
825,110000394216,TRIS,45356PQCMP918SO,Piqua Power Plant,110000394216,2937
826,110000395117,TRIS,45601MDCRP401SP,P H Glatfelter Company - Chillicothe Fac,110000395117,10244
827,110000395162,TRIS,45631HVLLY5758O,Kyger Creek,110000395162,2876
828,110000395956,TRIS,45885STMRY335NC,St Marys,110000395956,2942
829,110000591609,TRIS,43961FRSTNSTATE,W H Sammis,110000591609,2866
830,110000591841,TRIS,45144DYTNP14869,Killen Station,110000591841,6031
831,110000591930,TRIS,45715MRCNLCOUNT,Muskingum River,110000591930,2872
832,110000605417,TRIS,43811MRCNL47201,Conesville,110000605417,2840
833,110000605426,TRIS,43913CRDNL306CO,Cardinal,110000605426,2828
834,110000741920,TRIS,45144DYTNP745US,J M Stuart,110000741920,2850
835,110000741920,TRIS,45144RSHGS315US,J M Stuart,110000741920,2850
836,110000823379,TRIS,45202CGMMF10800,Miami Fort Power Station,110000823379,2832
837,110000850525,TRIS,45750GRSCHRTE7S,NA 5,110000850525,7253
838,110000850525,TRIS,45750GRSCHRTE7S,Richard Gorsuch,110000850525,7286
839,110001627366,TRIS,44270MRTNS151SI,Morton Salt Rittman,110001627366,54335
840,110004588875,TRIS,44053FRSTN7107W,West Lorain,110004588875,2869
841,110008581659,TRIS,44446FRSTN1047B,Niles,110008581659,2861
842,110009629599,TRIS,44667CTYFR1100P,Orrville,110009629599,2935
843,110010534261,TRIS,43616SNRFN1819W,Toledo Ref Power Recovery Train,110010534261,50965
844,110011945681,TRIS,44105SGCLV3060E,ArcelorMittal Cleveland LLC,110011945681,10398
845,110041120578,TRIS,44622DVRLG303EB,Dover,110041120578,2914
846,110043782760,TRIS,45011CTYFH960NT,Hamilton Municipal Power Plant,110043782760,2917
847,110043782760,TRIS,45011CTYFH960NT,Hamilton Hydro,110043782760,7807
848,110043788327,TRIS,45620MRCNL7397N,Gen J M Gavin,110043788327,8102
849,110054816703,TRIS,4562WHVRHL2446G,Haverhill North Cogeneration Facility,110054816703,56848
850,110056953890,TRIS,45157CGBCK757OL,Walter C Beckjord Generating Station,110056953890,2830
851,110000455604,TRIS,74403FRTHW5600E,Muskogee Mill,110000455604,10362
852,110000598489,TRIS,74337GRNDR3MIEO,Grand River Dam Authority,110000598489,165
853,110000598611,TRIS,74651SNRGNHWY15,Sooner,110000598611,6095
854,110000598639,TRIS,74764WYRHSHIGHW,International Paper Valliant OK,110000598639,50192
855,110000608236,TRIS,74735WSTRNHWY70,Hugo,110000608236,6772
856,110000705041,TRIS,73094STHWSPSORD,Southwestern,110000705041,2964
857,110000750740,TRIS,74053NRTHSJCTHW,Northeastern,110000750740,2963
858,110000860854,TRIS,74434MSKGG5501T,Muskogee,110000860854,2952
859,110001634232,TRIS,74037MRCNL116TH,Riverside (4940),110001634232,4940
860,110001649930,TRIS,74362CHTPWMIDAM,Chouteau Power Plant,110001649930,7757
861,110002399887,TRIS,73128PWRSM2308S,Oklahoma Cogeneration Project,110002399887,50558
862,110015682830,TRIS,74603CNCPN1000S,Conoco,110015682830,7185
863,110017422252,TRIS,7305WRDBDG2922T,Redbud Power Plant,110017422252,55463
864,110020515012,TRIS,73045KLHMG1981N,Horseshoe Lake,110020515012,2951
865,110042090153,TRIS,74849KLHMGLDHWY,Seminole (2956),110042090153,2956
866,110056955460,TRIS,74951SSHDY3MILE,AES Shady Point LLC,110056955460,10671
867,110000487072,TRIS,97132SMRFTWYNOO,SPFT - Newberg Cogen,110000487072,56124
868,110000488838,TRIS,97818BRDMN73334,Boardman,110000488838,6106
869,110000488847,TRIS,97818CYTSP200UL,Coyote Springs,110000488847,7350
870,110000488847,TRIS,97818CYTSP200UL,Coyote Springs II,110000488847,7931
871,110001654852,TRIS,97869PRRWD457FR,Co-Gen LLC,110001654852,50921
872,110007579003,TRIS,97761WRMSPPOBOX,Warm Springs Forest Products,110007579003,50426
873,110028051159,TRIS,97016JMSRVWAUNA,Georgia-Pacific Wauna Mill,110028051159,56192
874,110043809028,TRIS,97470RSBRGHIGHW,Dillard Complex,110043809028,50396
875,110045589225,TRIS,97478WYRHS785N4,IP Springfield Oregon,110045589225,50191
876,110000329083,TRIS,15061SBVRV394FR,AES Beaver Valley LLC,110000329083,10676
877,110000330339,TRIS,15748MHMRC1750P,Homer City,110000330339,3122
878,110000330400,TRIS,15845PNNTC100CE,"Domtar Paper Company, LLC",110000330400,54638
879,110000330632,TRIS,15931BNSBR2840N,Ebensburg Power Company,110000330632,10603
880,110000330641,TRIS,15931CMBRC243RU,Cambria Cogen,110000330641,10641
881,110000331524,TRIS,16365WRRNS2325P,Warren,110000331524,3132
882,110000332186,TRIS,16686WSTVC1600P,American Eagle Paper Mills,110000332186,50284
883,110000334656,TRIS,18013MRTNS6605F,"Martins Creek, LLC",110000334656,3148
884,110000334861,TRIS,18044BNNYS1100C,Crayola Solar Project,110000334861,57216
885,110000335593,TRIS,18621GTLTSUSRTE,Hunlock Creek Energy Center,110000335593,3176
886,110000336716,TRIS,19125DLWRG1325B,Delaware Generating Station,110000336716,3160
887,110000336958,TRIS,19137RCHMN3901N,Richmond,110000336958,3168
888,110000336994,TRIS,19145TLNTC3144P,Philadelphia Refinery,110000336994,52106
889,110000337029,TRIS,19146SCHYL2800C,Schuylkill Generating Station,110000337029,3169
890,110000337396,TRIS,19380CRYDN955RI,Croydon Generating Station,110000337396,8012
891,110000338064,TRIS,19508TTSST296PO,Titus,110000338064,3115
892,110000492280,TRIS,17532HLTWD482OL,PPL Holtwood,110000492280,3145
893,110000492324,TRIS,17821MNTRS18MCM,"Montour, LLC",110000492324,3149
894,110000538525,TRIS,15774KYSTNRTE21,Keystone,110000538525,3136
895,110000538801,TRIS,15944CNMGHRTE20,Conemaugh,110000538801,3118
896,110000583618,TRIS,16201RMSTRRD1ST,Armstrong Power Station,110000583618,3178
897,110000584421,TRIS,18237NRTHSRTE30,Northeastern Power Company,110000584421,50039
898,110000584537,TRIS,18629PRCTRROUTE,Procter & Gamble Paper Products,110000584537,50463
899,110000584868,TRIS,19460CRMBYTOWNA,Cromby,110000584868,3159
900,110000601778,TRIS,17370BRNNRWAGOR,"Brunner Island, LLC",110000601778,3140
901,110000601803,TRIS,17876SNBRYOLDSU,Sunbury,110000601803,3152
902,110000603641,TRIS,16873SHWVLRTE97,Shawville,110000603641,3131
903,110000603847,TRIS,19013SCTTPFRONT,Kimberly-Clark Tissue Company,110000603847,50410
904,110000744990,TRIS,19146TRGNP2600C,Grays Ferry Cogen Partnership,110000744990,54785
905,110000772780,TRIS,17963GLDMLPENND,Pine Grove,110000772780,56690
906,110000817493,TRIS,19022DDYSTNO1IN,Eddystone Generating Station,110000817493,3161
907,110001069254,TRIS,19148STHWR2501S,Southwark,110001069254,3170
908,110001116934,TRIS,15104SSDGRBRADD,US Steel (Edgar Thomson),110001116934,50732
909,110001147786,TRIS,15927CLVRP141IN,Colver Power Project,110001147786,10143
910,110001203402,TRIS,19135NWMNN6101T,Newman (PA),110001203402,54250
911,110002348905,TRIS,16214PNYCRRR2BO,Piney Creek Power Plant,110002348905,54144
912,110004879301,TRIS,19030FRLSS990SS,Fairless Hills Generating Station,110004879301,7701
913,110005981296,TRIS,16374SCRBGRR1LI,Scrubgrass Generating Plant,110005981296,50974
914,110006623396,TRIS,18067NRTHM1HORW,Northampton Generating Plant,110006623396,50888
915,110006623519,TRIS,15944SWRDS595PL,Seward,110006623519,3130
916,110006812716,TRIS,17976STNCHHWY54,St. Nicholas Cogeneration Project,110006812716,54634
917,110007026306,TRIS,17832FSTRWMARIO,Mt. Carmel Cogeneration,110007026306,10343
918,110009160978,TRIS,18064HPRCH731EN,Portland,110009160978,3113
919,110010259451,TRIS,16103FRSTN1EWAS,New Castle,110010259451,3138
920,110010265961,TRIS,15067MTCHL50ELE,Mitchell Power Station,110010265961,3181
921,110010970235,TRIS,17981WSTWDUSRTE,"WPS Westwood Generation, LLC",110010970235,50611
922,110010992729,TRIS,19486MRCKSSUMNE,Merck & Company - West Point,110010992729,52149
923,110012565884,TRIS,18015CNCTV2254A,Bethlehem Power Plant,110012565884,55690
924,110014012157,TRIS,17931WHLBRMOREA,Wheelabrator - Frackville,110014012157,50879
925,110017404664,TRIS,17362PHGLT228SO,P H Glatfelter Company,110017404664,50397
926,110017437148,TRIS,15461HTFLDRD1BO,Hatfield's Ferry Power Station,110017437148,3179
927,110020578891,TRIS,17931GLBRT50ELE,Gilberton Power Company,110020578891,10113
928,110022447574,TRIS,17325RLNTN1731H,Hunterstown Combined Cycle,110022447574,55976
929,110025330942,TRIS,15774RMSTR2313S,"Armstrong Power, LLC",110025330942,55347
930,110030471610,TRIS,18240PNTHRRTE54,Panther Creek Energy Facility,110030471610,50776
931,110042043384,TRIS,15025SSCLR400ST,US Steel (Clairton Coke),110042043384,50729
932,110043196528,TRIS,1731WCLPNM155PI,York Energy Center,110043196528,55524
933,110043970441,TRIS,16512RCKCRFOOTO,Erie Coke,110043970441,50920
934,110056960374,TRIS,15038LRMPWPARTE,Elrama Power Plant,110056960374,3098
935,110056969641,TRIS,15024CHSWCPITTS,Cheswick,110056969641,8226
936,110056969721,TRIS,15077FRSTNOFFRT,Bruce Mansfield,110056969721,6094
937,110000312180,TRIS,02830CNSTT1575S,Ocean State Power,110000312180,51030
938,110000312796,TRIS,02903SGNNW40POI,Manchester Street,110000312796,3236
939,110001663450,TRIS,02807BLCKS100OC,Block Island,110001663450,6567
940,110028052185,TRIS,02860PWTCK181CO,"Pawtucket Power Associates, LP",110028052185,54056
941,110069998647,TRIS,0283WCNSTT1575S,Ocean State Power II,110069998647,54324
942,110000352564,TRIS,29212MCMKN2000N,McMeekin,110000352564,3287
943,110000353457,TRIS,29440WNYHG661ST,Winyah,110000353457,6249
944,110000353466,TRIS,29442NTRNTKAMIN,International Paper Georgetown Mill,110000353466,54087
945,110000353509,TRIS,29445WLLMS2242B,Williams,110000353509,3298
946,110000353885,TRIS,29526GRNGR1605M,Dolphus M Grainger,110000353885,3317
947,110000355534,TRIS,29841RQHRT100UR,Urquhart,110000355534,3295
948,110000499764,TRIS,29436CRSSG553CR,Cross,110000499764,130
949,110000587179,TRIS,29020DPNTCPOBOX,Camden South Carolina,110000587179,10795
950,110000604463,TRIS,29693GTVLNROUTE,Valenite,110000604463,56131
951,110002232209,TRIS,29038STHCR405TE,Cope Station,110002232209,7210
952,110002232281,TRIS,29461JFFRSPOWER,Jefferies,110002232281,3319
953,110004937864,TRIS,29669DKNRGHWYS4,W S Lee,110004937864,3264
954,110010431648,TRIS,29702DKNRG317EL,Mill Creek Combustion Turbine Sta,110010431648,7981
955,110015337198,TRIS,29044STHCR142WA,Wateree,110015337198,3297
956,110016966381,TRIS,29411WSTVC5600A,"KapStone Charleston Kraft, LLC",110016966381,7737
957,110017413119,TRIS,29340BRDRV1124V,Broad River Energy Center,110017413119,55166
958,110020013590,TRIS,29927JSPRG1719P,Jasper County Generating Facility,110020013590,55927
959,110043797111,TRIS,29433CNDYSHWY61,Canadys Steam,110043797111,3280
960,110043805326,TRIS,29550HBRBN3512L,H B Robinson,110043805326,3251
961,110043816289,TRIS,29044NNCMPROUTE,International Paper-Eastover Mill,110043816289,52151
962,110056961890,TRIS,29502STNCNOLDGE,"WestRock CP, LLC Florence Mill",110056961890,50806
963,110000427921,TRIS,57252VLLYQ200ER,Valley Queen Cheese,110000427921,56274
964,110011493437,TRIS,57216BGSTN48450,Big Stone,110011493437,6098
965,110012375599,TRIS,57702BHPLB409DE,Ben French,110012375599,3325
966,110025317173,TRIS,57103NGSNS71ERI,Angus Anson,110025317173,7237
967,110000370535,TRIS,37134STVJH535ST,Johnsonville,110000370535,3406
968,110000370544,TRIS,37138DPNTL1002I,Old Hickory Plant,110000370544,10797
969,110000372329,TRIS,37662MDPPRPOBOX,Domtar Kingsport Mill,110000372329,10252
970,110000372631,TRIS,37763STVKNSWANP,Kingston,110000372631,3407
971,110000374130,TRIS,38109STVLL2574P,Allen,110000374130,3393
972,110000493127,TRIS,37050STVCM815CU,Cumberland,110000493127,3399
973,110000493136,TRIS,37066STVGL1499S,Gallatin,110000493136,3403
974,110000496838,TRIS,38113CRGLL2330B,Cargill Corn Milling,110000496838,10729
975,110000574423,TRIS,37662TNNSSEASTM,Eastman Chemical Company,110000574423,50481
976,110000589970,TRIS,37379STVSQSEQUO,Sequoyah,110000589970,6152
977,110000607530,TRIS,37857STVJHOLDHW,John Sevier,110000607530,3405
978,110006537373,TRIS,38012STVLG615EL,Lagoon Creek,110006537373,7845
979,110006690465,TRIS,37725STVDG850PO,Douglas Dam,110006690465,3400
980,110006887173,TRIS,37381STVWT7MILE,Watts Bar Nuclear Plant,110006887173,7722
981,110012706090,TRIS,37419STVRCCUMMI,Raccoon Mountain,110012706090,6151
982,110017418338,TRIS,38326TNNSSHIGHW,Packaging Corporation of America,110017418338,50296
983,110043798487,TRIS,37716STVBL1265E,Bull Run,110043798487,3396
984,110056955157,TRIS,37309BWTRSROUTE,Bowater Newsprint - Calhoun Operation,110056955157,50956
985,110000458282,TRIS,75650HWPRK2400F,H W Pirkey Power Plant,110000458282,7902
986,110000459012,TRIS,76031TNSKV831SP,Johnson County Generation Facility,110000459012,54817
987,110000460117,TRIS,76307PGGNDI44EA,PPG Industries Works 4,110000460117,54364
988,110000460153,TRIS,76384KLNNP12567,Oklaunion Power Station,110000460153,127
989,110000460901,TRIS,77012STFFR8615M,Houston Plant,110000460901,52065
990,110000461134,TRIS,77017TXSPT8600P,Texas Petrochemicals,110000461134,50229
991,110000463169,TRIS,77522XXNCH3525D,ExxonMobil Baytown Turbine,110000463169,10692
992,110000463392,TRIS,77541BSFCR602CO,BASF Freeport Works,110000463392,55311
993,110000463622,TRIS,77571RPRDCROUTE,Exelon Laporte Generating Station,110000463622,55365
994,110000463944,TRIS,77630JMHBRFM736,Engineered Carbons Echo Cogeneration,110000463944,10187
995,110000464006,TRIS,77640CLRKR1801S,Valero Energy Port Arthur Refinery,110000464006,52108
996,110000464024,TRIS,77640TXCRFNORTH,Motiva Enterprises Port Arthur Refinery,110000464024,50973
997,110000464426,TRIS,78012SNMGL6200F,San Miguel,110000464426,6183
998,110000464916,TRIS,78263WSMMR9599G,O W Sommers,110000464916,3611
999,110000464916,TRIS,78263WSMMR9599G,J T Deely,110000464916,6181
1000,110000464916,TRIS,78263WSMMR9599G,J K Spruce,110000464916,7097
1001,110000465069,TRIS,78410CCPCC1501M,Corpus Christi,110000465069,50475
1002,110000465103,TRIS,78469VLRRF5900U,Valero Refinery Corpus Christi West,110000465103,50121
1003,110000465620,TRIS,78945LCRFY6549P,Sam Seymour,110000465620,6179
1004,110000501127,TRIS,78410LNCHL3501C,Lon C Hill,110000501127,3440
1005,110000501154,TRIS,77901VCTRP1205C,Victoria Power Station,110000501154,3443
1006,110000501993,TRIS,78403CSTLR1300C,Valero Refinery Corpus Christi East,110000501993,10203
1007,110000502867,TRIS,77979BPCHMTEXAS,BP Chemicals Green Lake Plant,110000502867,50404
1008,110000502901,TRIS,77522XXNBY2800D,ExxonMobil Baytown Refinery,110000502901,10436
1009,110000503722,TRIS,77511SLTNCFM291,Ascend Performance Materials Texas Inc.,110000503722,10418
1010,110000504918,TRIS,78410KCHRFSUNTI,Corpus Refinery,110000504918,50026
1011,110000505524,TRIS,77592NNCRB33015,Texas City Plant Union Carbide,110000505524,50153
1012,110000598835,TRIS,75455MNTCLOFFFM,Monticello,110000598835,6147
1013,110000598988,TRIS,75840BGBRW11MIE,Big Brown,110000598988,3497
1014,110000599291,TRIS,77082WSTHL3333H,Westhollow Technology Center,110000599291,54330
1015,110000599594,TRIS,77656PLPPPPOBOX,MeadWestvaco Evadale,110000599594,50101
1016,110000599692,TRIS,77960CLTCRFMRD2,Coleto Creek,110000599692,6178
1017,110000599790,TRIS,78343CLNSNONEMI,Ticona Polymers Inc,110000599790,10243
1018,110000600056,TRIS,79371STHWS8MISW,Tolk Station,110000600056,6194
1019,110000606997,TRIS,77978LMNMCSTATE,Point Comfort Operations,110000606997,52069
1020,110000608245,TRIS,75846LMSTNFM39A,Limestone,110000608245,298
1021,110000608254,TRIS,77481WPRSHYUJON,W A Parish,110000608254,3470
1022,110000704925,TRIS,75630MRCNLHWY49,Wilkes Power Plant,110000704925,3478
1023,110000717298,TRIS,79066HCHSTFIVEM,Celanese,110000717298,7678
1024,110000725378,TRIS,78586MRCNL34MIL,La Palma,110000725378,3442
1025,110000756717,TRIS,77571CCDNT1800V,Houston Chemical Complex Battleground,110000756717,50043
1026,110001866641,TRIS,77978MRCNLFM159,E S Joslin,110001866641,3436
1027,110001867560,TRIS,77049GRNSB12070,Greens Bayou,110001867560,3464
1028,110001869078,TRIS,78724DCKRC83DEC,Decker Creek,110001869078,3548
1029,110002043752,TRIS,78418BRNYM4301W,Barney M. Davis,110002043752,4939
1030,110002135528,TRIS,79912HVRCL7850H,Hoover Company,110002135528,55536
1031,110002135582,TRIS,79934NWMNP4900S,Newman,110002135582,3456
1032,110002344393,TRIS,77536SRBRT2018M,Sam Bertron,110002344393,3468
1033,110002471450,TRIS,79031STHWS5MISO,Plant X,110002471450,3485
1034,110005028585,TRIS,79404STHWS2MIEO,Jones Station,110005028585,3482
1035,110006134691,TRIS,77643BSFFNNEOFI,NAFTA Region Olefins Complex Cogen Fac,110006134691,55122
1036,110006621307,TRIS,76705TRDNGFM295,Tradinghouse,110006621307,3506
1037,110007175154,TRIS,77979NNCRBPOBOX,Union Carbide Seadrift Cogen,110007175154,50150
1038,110007197853,TRIS,76567SNDWS7MISW,Sandow,110007197853,6648
1039,110007197853,TRIS,76567SNDWS7MISW,Sandow Station,110007197853,52071
1040,110008060720,TRIS,78572JLBTS412MI,J L Bates,110008060720,3438
1041,110008060846,TRIS,78041LRDPW7300C,Laredo,110008060846,3439
1042,110008060873,TRIS,78112VHBRN15290,V H Braunig,110008060873,3612
1043,110008138078,TRIS,77830GBBNS25MIL,Gibbons Creek Steam Electric Station,110008138078,6136
1044,110008148496,TRIS,75504NTRNTPOBOX,International Paper Texarkana Mill,110008148496,54097
1045,110008170237,TRIS,77541THDWCBUILD,Dow Chemical Texas Operation,110008170237,52120
1046,110010661667,TRIS,7566WTNSKG7589S,Tenaska Gateway Generating Station,110010661667,55132
1047,110012182422,TRIS,7932WXYPRMPBX12,Wasson CO2 Removal Plant,110012182422,52122
1048,110012182770,TRIS,76205SPNCR1701A,Spencer,110012182770,4266
1049,110012498476,TRIS,77902CCDNTOLDBL,Victoria Texas Plant,110012498476,10790
1050,110013314412,TRIS,77064RLNTN16301,T H Wharton,110013314412,3469
1051,110013349947,TRIS,75686WLSHPFM173,Welsh Power Plant,110013349947,6139
1052,110014407846,TRIS,77651RLQDP2121P,Port Neches Plant,110014407846,54748
1053,110015666144,TRIS,76629TXSNWHWY6X,Twin Oaks,110015666144,7030
1054,110015679443,TRIS,75211XLNCR2233A,Mountain Creek Generating Station,110015679443,3453
1055,110015743301,TRIS,77521CDRBY7705W,Cedar Bayou,110015743301,3460
1056,110015743301,TRIS,77521CDRBY7705W,Cedar Bayou 4,110015743301,56806
1057,110017746368,TRIS,77631DPNTSFARMR,Sabine River Works,110017746368,10789
1058,110018925957,TRIS,77978FRMSPPOBOX,Formosa Utility Venture Ltd,110018925957,10554
1059,110031000823,TRIS,77976STHTX2849F,Sam Rayburn Plant,110031000823,3631
1060,110031267064,TRIS,77536RSLTN5900H,Shell Deer Park,110031267064,50304
1061,110031507322,TRIS,75603MRCNLRT6BO,Knox Lee Power Plant,110031507322,3476
1062,110034594419,TRIS,7976WQLRNN295EI,Quail Run Energy Center,110034594419,56349
1063,110035106113,TRIS,7668WSNDYC2161R,Sandy Creek Energy Station,110035106113,56611
1064,110035782891,TRIS,7518WLKHBB555BA,Lake Hubbard,110035782891,3452
1065,110037526442,TRIS,77630NLNDROLDHI,International Paper - Orange,110037526442,10425
1066,110041008101,TRIS,79007JMHBRHIGHW,Engineered Carbons Borger Cogen,110041008101,10072
1067,110041990913,TRIS,77701BMNTREASTE,Exxonmobil Beaumont Refinery,110041990913,50625
1068,110042010999,TRIS,79108STHWSNLAKE,Nichols Station,110042010999,3484
1069,110042010999,TRIS,79108STHWSNLAKE,Harrington Station,110042010999,6193
1070,110043787220,TRIS,75691MRTNL8850F,Martin Lake,110043787220,6146
1071,110043798913,TRIS,77983RCCRBHWY18,Seadrift Coke LP,110043798913,10167
1072,110043799958,TRIS,77506RPRDC1423H,Pasadena,110043799958,10638
1073,110043802819,TRIS,77640RPRDS1801S,Air Products Port Arthur,110043802819,55309
1074,110054864036,TRIS,77580DYNGY1319H,Mont Belvieu Cogeneration Unit,110054864036,57322
1075,110056961480,TRIS,77580NTRPR10207,Enterprise Products Operating,110056961480,10261
1076,110000469243,TRIS,84103MCLCM474WE,Tesoro SLC Cogeneration Plant,110000469243,56509
1077,110000470008,TRIS,84539SNNYSONEPO,Sunnyside Cogen Associates,110000470008,50951
1078,110000470053,TRIS,84624NTRMN850BR,Intermountain,110000470053,6481
1079,110000600608,TRIS,84513PCFCR3MILE,Hunter,110000600608,6165
1080,110000607200,TRIS,84526PCFCRINTER,Carbon,110000607200,3644
1081,110015757670,TRIS,84078BNNZP12500,Bonanza,110015757670,7790
1082,110020101922,TRIS,84528PCFCR10MIL,Huntington,110020101922,8069
1083,110000340774,TRIS,22026PSSMP19000,Possum Point Power Station,110000340774,3804
1084,110000341381,TRIS,22827MRCKCHIGHW,Elkton,110000341381,52148
1085,110000341489,TRIS,22942GRDNS115RE,Gordonsville Power Station,110000341489,54844
1086,110000341504,TRIS,22980DPNTWDUPON,Waynesboro Virginia Plant,110000341504,10796
1087,110000342040,TRIS,23323CHSPK2701V,Chesapeake Energy Center,110000342040,3803
1088,110000342371,TRIS,23692YRKTW1600W,Yorktown Power Station,110000342371,3809
1089,110000342380,TRIS,23703CGNTR1WILD,Cogentrix-Portsmouth,110000342380,10071
1090,110000342530,TRIS,23836CHSTR500CO,Chesterfield Power Station,110000342530,3797
1091,110000342610,TRIS,23860HPRWL1114H,Hopewell Cogeneration Facility,110000342610,10633
1092,110000342629,TRIS,23860LGWST107TE,Hopewell Power Station,110000342629,10771
1093,110000342772,TRIS,23927MCKLN204CO,Mecklenburg Power Station,110000342772,52007
1094,110000343147,TRIS,24124CNRGY352VI,Celanese Acetate LLC,110000343147,52089
1095,110000343922,TRIS,24526NKSPCHIGHW,"GP Big Island, LLC",110000343922,50479
1096,110000542743,TRIS,22547BRCHW10900,Birchwood Power Facility,110000542743,54304
1097,110000560492,TRIS,23851NNCMPHIGHW,International Paper-Franklin Mill,110000560492,52152
1098,110000585518,TRIS,24093GLNLYRTE46,Glen Lyn,110000585518,3776
1099,110000585581,TRIS,24225MRCNLJUNCT,Clinch River,110000585581,3775
1100,110000601867,TRIS,24141RDFRDPOBOX,Radford Army Ammunition Plant,110000601867,52072
1101,110000601867,TRIS,24141SDDSRPOBOX,Radford Army Ammunition Plant,110000601867,52072
1102,110000740422,TRIS,23860JMSRV912ER,Cogentrix-Hopewell,110000740422,10377
1103,110000868865,TRIS,23234CGNTR5001C,"Spruance Genco, LLC",110000868865,54081
1104,110000869695,TRIS,23851LGWST30134,Southampton Power Station,110000869695,10774
1105,110000870013,TRIS,24426WSTVCRIVER,"MeadWestvaco of Virginia, Covington",110000870013,50900
1106,110001888459,TRIS,23883VRGNL52085,Surry,110001888459,3806
1107,110001888459,TRIS,23883VRGNL52085,Gravel Neck Combustion Turbine,110001888459,7032
1108,110001890053,TRIS,23323CMMNW2837S,Elizabeth River Combustion Turbine Sta,110001890053,52087
1109,110001907768,TRIS,23415CMMNW3415W,Commonwealth Chesapeake,110001907768,55381
1110,110002401847,TRIS,24517LGWST104WO,Altavista Power Station,110002401847,10773
1111,110002404390,TRIS,23224BLLMD1860C,Bellemeade Power Station,110002404390,50966
1112,110006363960,TRIS,2273WDMNNR1225L,Remington Combustion Turbine Station,110006363960,7838
1113,110007008175,TRIS,24534CLVRPRTE92,Clover Power Station,110007008175,7213
1114,110007317484,TRIS,23181CHSPK19THM,RockTenn West Point Mill,110007317484,10017
1115,110007395826,TRIS,22734LDDMN1219L,Marsh Run Generation Facility,110007395826,7836
1116,110008181644,TRIS,23831PHLLP4100B,Park 500 Philip Morris USA,110008181644,50275
1117,110012503781,TRIS,23860STNHP910IN,Hopewell Mill,110012503781,50813
1118,110014436306,TRIS,22942LDDMN3352K,Louisa Generation Facility,110014436306,7837
1119,110017409286,TRIS,23005DSWLL10098,Doswell Limited Partnership,110017409286,52019
1120,110020673485,TRIS,23022BRMPWRTE65,Bremo Power Station,110020673485,3796
1121,110032891850,TRIS,22580LDYSM863CE,Ladysmith Combustion Turbine Sta,110032891850,7839
1122,110040579424,TRIS,2312WBRGRD268CG,Bear Garden Generating Station,110040579424,56807
1123,110000581601,TRIS,05904GRGPCRIVER,Gilman Mill,110000581601,10608
1124,110005293592,TRIS,05401JSPHC111IN,J C McNeil,110005293592,589
1125,110000490013,TRIS,98225NCGNN915CO,Encogen Generating Station,110000490013,7870
1126,110000490166,TRIS,98248TNSKW5105L,Ferndale Generating Station,110000490166,54537
1127,110000490326,TRIS,98368PRTTW100PA,Port Townsend Paper,110000490326,50544
1128,110000490497,TRIS,98421CTYFT1171T,Steam plant,110000490497,3920
1129,110000490665,TRIS,98531CNTRL913BI,Centralia,110000490665,3845
1130,110000490852,TRIS,98632LNGVWSOUTH,Longview Fibre,110000490852,54562
1131,110000490898,TRIS,98632WYRHS3401I,Weyerhaeuser Longview WA,110000490898,50187
1132,110001917007,TRIS,9827WFRDNG1385B,Fredonia Generating Station,110001917007,607
1133,110002058380,TRIS,98221MRCHP655ST,March Point Cogeneration,110002058380,54268
1134,110013396547,TRIS,9852WSPBRD31HAG,Sierra Pacific Aberdeen,110013396547,55882
1135,110028043436,TRIS,98605SDSLM200SW,SDS Lumber Gorge Energy Division,110028043436,50231
1136,110028047833,TRIS,98201SCTTP2600F,Everett Cogen,110028047833,7627
1137,110031256316,TRIS,9827WSPBRL14353,Sierra Pacific Burlington Facility,110031256316,56406
1138,110036123469,TRIS,9863WMNTFR12PRU,Mint Farm Generating Station,110036123469,55700
1139,110041171086,TRIS,9862WGLDND6INDU,Goldendale Generating Station,110041171086,55482
1140,110055650371,TRIS,98532CHHLS1813B,Chehalis Generation Facility,110055650371,55662
1141,110056580481,TRIS,9829WSMSGN134TH,Sumas Generating Station,110056580481,54476
1142,110000416871,TRIS,53082DGWTR3739L,Edgewater (4050),110000416871,4050
1143,110000417433,TRIS,53142PLSNT80009,Pleasant Prairie,110000417433,6170
1144,110000417709,TRIS,53154KCRKP4801E,South Oak Creek,110000417709,4041
1145,110000417772,TRIS,53154STHSH8500S,MMSD South Shore Wastewater,110000417772,55525
1146,110000419226,TRIS,53226MLWKC9250W,Milwaukee County,110000419226,7549
1147,110000419299,TRIS,53233VLLYP1035W,Valley (WEPCO),110000419299,4042
1148,110000419538,TRIS,53511RCKRV827WB,Rock River,110000419538,4057
1149,110000420152,TRIS,53703MDSNG717EM,Blount Street,110000420152,3992
1150,110000420385,TRIS,53901CLMBNW8385,Columbia,110000420385,8023
1151,110000420973,TRIS,54130THLMNTHILM,Kaukauna Paper Mill,110000420973,54098
1152,110000421384,TRIS,54221MNTWC1303S,Manitowoc,110000421384,4125
1153,110000421534,TRIS,54303PLLMP1530N,Pulliam,110000421534,4072
1154,110000422043,TRIS,54455MSNPP100MA,Expera Specialty Solutions - Mosinee Mill,110000422043,50614
1155,110000422114,TRIS,54469PRTDW100WI,Port Edwards Mill,110000422114,54103
1156,110000422141,TRIS,54474WYRHS200GR,Domtar Paper Company Rothschild,110000422141,50190
1157,110000422267,TRIS,54487NKSPCN9090,Packaging of America Tomahawk Mill,110000422267,50476
1158,110000422383,TRIS,54507RHNLN515WE,Rhinelander Mill,110000422383,50933
1159,110000422392,TRIS,54552FLMBP200NO,Flambeau River Papers,110000422392,50620
1160,110000422524,TRIS,54603NRTHR200SB,French Island,110000422524,4005
1161,110000422560,TRIS,54610DRYLN500OL,Alma,110000422560,4140
1162,110000422597,TRIS,54632DRYLNS4651,Genoa,110000422597,4143
1163,110000422846,TRIS,54806NRTHR122N1,Bay Front,110000422846,3982
1164,110000544215,TRIS,54481CNSLD707AR,Stevens Point,110000544215,3973
1165,110000544215,TRIS,54481CNSLD707AR,Stevens Point Mill,110000544215,55861
1166,110000573692,TRIS,54494CNSLD621BI,Biron,110000573692,3971
1167,110000573692,TRIS,54494CNSLD621BI,Biron Mill,110000573692,10234
1168,110000573718,TRIS,54494CNSLD231FI,Wisconsin Rapids,110000573718,3974
1169,110000573718,TRIS,54494CNSLD231FI,Wisconsin Rapids Paper Mill,110000573718,10466
1170,110000594081,TRIS,53806NLSND11999,Nelson Dewey,110000594081,4054
1171,110000877178,TRIS,53511CLTND701LA,Fairbanks Morse Engine,110000877178,56937
1172,110002034281,TRIS,53806JSTNM716JA,"DTE Stoneman, LLC",110002034281,4146
1173,110002036895,TRIS,53963WPNCR200SM,Waupun Correctional Central Heating Plt,110002036895,54407
1174,110002121515,TRIS,54157WSCNSW1830,West Marinette,110002121515,4076
1175,110002433304,TRIS,54241PNTBC6610N,Point Beach Nuclear Plant,110002433304,4046
1176,110005266620,TRIS,53022GRMNTN96W1,Germantown Power Plant,110005266620,6253
1177,110013287184,TRIS,54952MNSHT198RI,Menasha,110013287184,4127
1178,110013294087,TRIS,53511RVRSD141WB,Riverside Energy Center,110013294087,55641
1179,110013863275,TRIS,54307FRTHW1919S,Green Bay West Mill,110013863275,10360
1180,110013962514,TRIS,53207JNSSL700EA,MMSD Jones Island Wastewater,110013962514,54851
1181,110013962630,TRIS,54401MRTHN100ER,Marathon Electric,110013962630,50990
1182,110016940159,TRIS,53094CNCRDN8914,Concord,110016940159,7159
1183,110017413547,TRIS,54494CNSLD950FO,Wisconsin Rapids Pulp Mill,110017413547,10477
1184,110017419523,TRIS,54113PPLTN540PR,"Combined Locks Energy Center, LLC",110017419523,55558
1185,110017419792,TRIS,54481CNSLD2627W,Whiting,110017419792,3975
1186,110017419792,TRIS,54481CNSLD2627W,Whiting Mill,110017419792,10476
1187,110022398369,TRIS,53726MGWST515WA,West Campus Cogeneration Facility,110022398369,7991
1188,110023013228,TRIS,54130FXNRGN231E,Fox Energy Center,110023013228,56031
1189,110040877619,TRIS,54457NKSMLMARKE,Georgia-Pacific Corp - Nekoosa Mill,110040877619,50395
1190,110041698268,TRIS,53182PRSGN35517,Paris,110041698268,7270
1191,110043779783,TRIS,54474WSTNP2501M,Weston,110043779783,4078
1192,110043795970,TRIS,53190LSPWH111CO,Whitewater Cogeneration Facility,110043795970,55011
1193,110043810276,TRIS,53074PRTWS146SW,Port Washington Generating Station,110043810276,4040
1194,110000344903,TRIS,26505MRGNT555BE,Morgantown Energy Facility,110000344903,10743
1195,110000585910,TRIS,25265RSHGSRT62G,Mountaineer (1301),110000585910,6264
1196,110000586125,TRIS,26366HRRSNRTE20,Harrison Power Station,110000586125,3944
1197,110000586143,TRIS,26519LBRGHRTE26,Albright Power Station,110000586143,3942
1198,110000604025,TRIS,25086MRCNLRTE60,Kanawha River,110000604025,3936
1199,110000604114,TRIS,26588RVSVLJACKS,Rivesville Power Station,110000604114,3945
1200,110000745114,TRIS,25303NNCRB437MA,UCC South Charleston Plant,110000745114,50151
1201,110000875367,TRIS,26155PPGNDSTATE,Axiall Corporation Natrium Plant,110000875367,50491
1202,110002098293,TRIS,26720NRTHB2000E,North Branch (WV),110002098293,7537
1203,110007334072,TRIS,21540WSTVC300PR,Luke Paper Company,110007334072,50282
1204,110007876637,TRIS,26739MTSTRHC76B,Mount Storm Power Station,110007876637,3954
1205,110007881998,TRIS,26574MRCNBRTE17,Grant Town Power Plant,110007881998,10151
1206,110013725077,TRIS,26041KMMRPRTE2X,Mitchell (WV),110013725077,3948
1207,110015743846,TRIS,25265MRCNLSTATE,Phil Sporn,110015743846,3938
1208,110020047554,TRIS,26134RSHGS1PWER,Pleasants Power Station,110020047554,6004
1209,110038775536,TRIS,26134PLSNTNO1PO,Willow Island Power Station,110038775536,3946
1210,110040576267,TRIS,2654WLNGVW1375F,Longview Power,110040576267,56671
1211,110042086505,TRIS,25213JHNMS1530W,John E Amos,110042086505,3935
1212,110043799501,TRIS,26541FRTMRRTE53,Fort Martin Power Station,110043799501,3943
1213,110000468075,TRIS,82201LRMRV347GR,Laramie River,110000468075,6204
1214,110000468093,TRIS,82334SNCLREASTL,Sinclair Oil Refinery,110000468093,54374
1215,110000600341,TRIS,82716NLSMP13151,Neil Simpson,110000600341,4150
1216,110000600341,TRIS,82716NLSMP13151,Neil Simpson II (CT2),110000600341,55477
1217,110000600369,TRIS,82901CHVRN525SH,Simplot Phosphates,110000600369,54472
1218,110007334982,TRIS,82718WYDKP48WYO, Wyodak ,110007334982,6101
1219,110007335605,TRIS,82713BHPLS3363H,Osage (WY),110007335605,4151
1220,110007899970,TRIS,82942JMBRD9MILE,Jim Bridger,110007899970,8066
1221,110013320245,TRIS,82637PCFCR1591T,Dave Johnston,110013320245,4158
1222,110039589585,TRIS,8271WBSNLC1246N,Dry Fork Station,110039589585,56609
1223,110042054013,TRIS,83101NGHTN5MISO,Naughton,110042054013,4162
