,,,,,,Anadarko,Appalachian,Arkla,Arkoma,East Texas,Fort Worth,Green River,Gulf,Permian,Piceance,San Juan,South Oklahoma,Strawn,Uinta
Elementary flows/emission/air,"1,1,1,2-Tetrachloroethane",663b55b1-648c-348f-a79d-9d44bcdaeb64,kg,ELEMENTARY_FLOW,False,6.845434572972297e-15,6.781163445404249e-15,6.756705094731824e-15,6.750624578797177e-15,6.765643895653567e-15,6.755118722197697e-15,6.789531385441201e-15,6.770929625177994e-15,6.7779709642917155e-15,6.728448991825216e-15,6.7762716835547355e-15,6.741730751909268e-15,6.764033161143781e-15,6.7673331000382555e-15
Elementary flows/emission/air,"1,1,2,2-Tetrachloroethane",93c46787-fe26-3ebd-84b1-25ae486ef58d,kg,ELEMENTARY_FLOW,False,0.0,0.0,0.0,0.0,0.0,0.0,0.0,0.0,0.0,0.0,0.0,0.0,0.0,0.0
Elementary flows/emission/air,"1,3-Butadiene",457411b2-4dac-3eb2-965d-97b60660afa2,kg,ELEMENTARY_FLOW,False,1.0834688228851263e-10,5.1044459692191626e-11,6.737523010394812e-11,2.8183395917255445e-11,2.69579349021979e-11,2.1679882673463038e-11,3.330070250638324e-11,9.387045843346516e-11,1.1661047013581067e-10,4.8622969782950674e-11,2.3082816662611553e-11,3.644170367838533e-11,2.080098963118737e-11,4.022258964045342e-11
Elementary flows/emission/air,"1,3-Dichloropropene",1cb3814f-067b-3f04-af78-4f6ad4c132b7,kg,ELEMENTARY_FLOW,False,0.0,0.0,0.0,0.0,0.0,0.0,0.0,0.0,0.0,0.0,0.0,0.0,0.0,0.0
Elementary flows/emission/air,"2,2,4-Trimethylpentane",3b981d82-2f3d-3ac0-89b5-5e38b91ef0f3,kg,ELEMENTARY_FLOW,False,5.7881594333732625e-09,5.725062174454799e-09,5.723769975215868e-09,5.719422074596667e-09,5.724774993148891e-09,5.7277458761447135e-09,5.74022199434806e-09,5.731934944757304e-09,5.736585055725681e-09,5.7066667424721575e-09,5.734379035203709e-09,5.721197994555739e-09,5.72661671080248e-09,5.727078955217569e-09
Elementary flows/emission/air,2-Methylbutane,92c83b8e-2ed2-31af-a119-b29023aa3798,kg,ELEMENTARY_FLOW,False,1.6138907654175567e-06,8.83606123020724e-08,3.218447401093144e-07,1.2537806595521263e-07,2.0490114049523083e-07,1.5357451147680924e-06,5.548728040553803e-07,6.170059761717377e-07,4.991303487539447e-07,1.8941143997622632e-06,2.1377838613650923e-06,3.4193908566035156e-07,4.7153027545129834e-07,9.149196862112972e-07
Elementary flows/emission/air,2-Methylnaphthalene,5f3bb2ec-d153-3cb5-9bc1-3eef8f44bf67,kg,ELEMENTARY_FLOW,False,1.7151312835549023e-12,1.8665569322455407e-12,1.659610851499977e-12,1.743686228513423e-12,1.6766090619088178e-12,1.7850641200853094e-12,1.6349210977204052e-12,3.101357511427531e-12,1.567978998594112e-12,1.636145526221321e-12,1.9556347759423067e-12,2.696977204021096e-12,1.6891022565035085e-12,1.6419245291589532e-12
Elementary flows/emission/air,3-Methylcholanthrene,9a75a979-3c99-3b02-9944-baa838fe12ac,kg,ELEMENTARY_FLOW,False,1.2863484626661757e-13,1.399917699184156e-13,1.2447081386249795e-13,1.3077646713850687e-13,1.2574567964316132e-13,1.338798090063985e-13,1.2261908232903082e-13,2.3260181335706446e-13,1.1759842489455865e-13,1.227109144665988e-13,1.4667260819567303e-13,2.0227329030158312e-13,1.2668266923776272e-13,1.2314433968692157e-13
Elementary flows/emission/air,"7,12-Dimethylbenz[a]anthracene",675d27f1-91b6-3a26-b747-2d8f5fdfa02f,kg,ELEMENTARY_FLOW,False,1.143420855703269e-12,1.2443712881636955e-12,1.106407234333318e-12,1.1624574856756156e-12,1.1177393746058802e-12,1.1900427467235404e-12,1.089947398480272e-12,2.0675716742850195e-12,1.045319332396074e-12,1.0907636841475472e-12,1.3037565172948733e-12,1.7979848026807408e-12,1.1260681710023413e-12,1.0946163527726336e-12
Elementary flows/emission/air,Acenaphthene,43aed9d7-5a9b-3f3e-8d51-cc8bebd9a9a1,kg,ELEMENTARY_FLOW,False,3.5407767027594474e-12,1.477197776371826e-12,2.0552979516519915e-12,6.387533332464814e-13,5.880881279834816e-13,4.0537240697818747e-13,8.13565570398364e-13,3.1247433839025525e-12,3.834899290548248e-12,1.374943457016617e-12,4.675729551768163e-13,1.0108181512006469e-12,3.65624437543311e-13,1.067225101133658e-12
Elementary flows/emission/air,Acenaphthylene,34b07e52-3833-3665-aeec-01aed3f78362,kg,ELEMENTARY_FLOW,False,1.2331227711877445e-11,4.947848682987839e-12,7.047629909398673e-12,1.983366066042886e-12,1.8158046691138242e-12,1.1437518343960479e-12,2.6274913461287322e-12,1.0581631882771275e-11,1.340724642539207e-11,4.627421411788486e-12,1.3327488275228408e-12,3.125924622223855e-12,1.0206112675251652e-12,3.529956752730397e-12
Elementary flows/emission/air,Acetaldehyde,09dc3fe9-7e57-321f-9e04-34375bf2a0b7,kg,ELEMENTARY_FLOW,False,3.1819060774951488e-09,2.0454632889228963e-09,2.36473255453148e-09,1.5949512966580228e-09,1.573194610595956e-09,1.4679729882296295e-09,1.7011479320760843e-09,2.886325032616536e-09,3.3338015805129697e-09,1.991963804307691e-09,1.4986119394649891e-09,1.7556353527481144e-09,1.4520094710395958e-09,1.8333914066043093e-09
Elementary flows/emission/air,Acrolein,ba9cee15-a144-3c38-9a3b-36931d4e64e9,kg,ELEMENTARY_FLOW,False,4.3648880847055e-10,2.9881606950591e-10,3.3726593316442506e-10,2.4438158006074705e-10,2.418716871445501e-10,2.290978307942392e-10,2.5747914331335013e-10,4.0026233020156e-10,4.542978017198808e-10,2.92064503567509e-10,2.3294857994191676e-10,2.6369444539650323e-10,2.2723641134471497e-10,2.732509453129968e-10
Elementary flows/emission/air,"Aldehydes, C6",c3b39652-8ffb-367b-8687-78cd74dd8106,kg,ELEMENTARY_FLOW,False,8.41020824769873e-08,3.295928692594466e-08,4.759080648443552e-08,1.2520550137128016e-08,1.139575794183543e-08,6.691711073355787e-09,1.703036609506755e-08,7.128517522127067e-08,9.162361106963626e-08,3.086486226070217e-08,7.909506900422659e-09,1.992891963619858e-08,5.8894039053955605e-09,2.326958240855448e-08
Elementary flows/emission/air,Ammonia,65b5d5dd-95b5-36b2-8cb0-7c5501ff1e32,kg,ELEMENTARY_FLOW,False,1.3350079364811e-09,3.181995427377979e-08,2.6554297652894143e-09,2.527239790866966e-09,7.083231077693533e-10,2.3636144821069857e-09,1.839172330594668e-09,3.4523903483964343e-09,9.42564479476447e-10,7.241483998787824e-10,4.056040617137306e-10,1.183052631739741e-10,2.427414274263974e-10,1.0616179112389403e-09
Elementary flows/emission/air,Anthracene,5aaca76f-ed8b-3dc6-9cb3-597421c567ac,kg,ELEMENTARY_FLOW,False,4.7007666648935005e-12,1.971483426556825e-12,2.735843379555827e-12,8.624031799790021e-13,7.953763526656228e-13,5.537826400670136e-13,1.0936117096731272e-12,4.151468081308367e-12,5.0894860448016974e-12,1.8359382229920556e-12,6.36236354815951e-13,1.355235460962261e-12,5.011562611835588e-13,1.4290513501157021e-12
Elementary flows/emission/air,Arsenic(V),3fabe8db-c3b5-3701-823e-a3ff0b245710,kg,ELEMENTARY_FLOW,False,2.1162749460027297e-11,2.1840585574936538e-11,2.024557633968332e-11,2.057974533498824e-11,2.002236990249929e-11,2.086860453870531e-11,1.9753800023145915e-11,3.251701678100509e-11,1.9954377838280455e-11,1.985559732544392e-11,2.232123178564512e-11,2.8591960789985065e-11,2.0068202953098376e-11,1.985816846341805e-11
Elementary flows/emission/air,Barium,2c5aef1c-7cf7-30ee-8a87-ba4682327767,kg,ELEMENTARY_FLOW,False,3.1444073531839905e-10,3.4220210424501714e-10,3.04261989441663e-10,3.196758085607946e-10,3.0737832801661666e-10,3.2726175534897414e-10,2.997355345820749e-10,5.685822104283802e-10,2.8746281640892044e-10,2.999600131405752e-10,3.5853304225609004e-10,4.944458207372033e-10,3.0966874702564256e-10,3.0101949701247427e-10
Elementary flows/emission/air,Benz[a]anthracene,248c35a7-7964-3f7b-aff8-9f29e983835e,kg,ELEMENTARY_FLOW,False,1.0454618607724074e-10,1.0092093951933036e-10,1.0150669672833051e-10,9.97324886954045e-11,9.989016731353581e-11,9.951184841852888e-11,1.004936278089326e-10,1.0293087220251893e-10,1.0392747512818264e-10,1.0023297364915647e-10,9.987949365813025e-11,1.0003562210772296e-10,9.958738331598222e-11,1.004581595369017e-10
Elementary flows/emission/air,Benzene,565c5d1a-1e0e-35f3-82a0-4845c43d3dcf,kg,ELEMENTARY_FLOW,False,1.2196613197104931e-08,1.073938973221514e-08,1.1108861393151476e-08,1.0173921443047178e-08,1.0147547317060013e-08,1.0035970758245556e-08,1.0320492389539397e-08,1.1880583198978143e-08,1.2296627896607914e-08,1.0631404412386098e-08,1.009519602765459e-08,1.0457312256910004e-08,1.0004741841674489e-08,1.0464802232214648e-08
Elementary flows/emission/air,Benzo(b)fluoranthene,920c61f8-5c4a-3900-b070-9a437d2738b8,kg,ELEMENTARY_FLOW,False,3.6676389171494083e-13,2.3331365461065357e-13,2.592207867237334e-13,1.6622751772734743e-13,1.5801196170662077e-13,1.5282691977879198e-13,1.7083935317940271e-13,4.3444070005787166e-13,3.7702413713100753e-13,2.1010259462900172e-13,1.6906782176785983e-13,2.5870060611156856e-13,1.4335810231357088e-13,1.8903051566430117e-13
Elementary flows/emission/air,Benzo[a]pyrene,76bd7eb9-a592-319f-9234-9a469de5bd59,kg,ELEMENTARY_FLOW,False,5.593984716191359e-13,2.820085488536475e-13,3.5315423645521024e-13,1.6198092867924647e-13,1.5237222959833525e-13,1.3158163412061704e-13,1.816951600100807e-13,5.572518520420443e-13,5.938911764857236e-13,2.5878713406908576e-13,1.4691043745696538e-13,2.509092412578322e-13,1.2232003248261778e-13,2.1678942846774191e-13
Elementary flows/emission/air,Benzo[e]pyrene,70fedc48-3895-3b66-9a00-e2e5958d51b8,kg,ELEMENTARY_FLOW,False,0.0,0.0,0.0,0.0,0.0,0.0,0.0,0.0,0.0,0.0,0.0,0.0,0.0,0.0
Elementary flows/emission/air,Benzo[ghi]perylene,c19f72d2-41a0-3218-ba4f-61fa392accd6,kg,ELEMENTARY_FLOW,False,1.273851808438904e-12,5.615684001273782e-13,7.571378720860586e-13,2.67739355855369e-13,2.485641997957996e-13,1.877729433182915e-13,3.257995955541352e-13,1.1627226205828117e-12,1.3723126190930622e-12,5.205392204855511e-13,2.1345513027082366e-13,4.1966729920089196e-13,1.716881287941035e-13,4.1395117948186675e-13
Elementary flows/emission/air,Benzo[k]fluoranthene,fcf65d36-ae15-3066-80c2-b624e04c6380,kg,ELEMENTARY_FLOW,False,5.010869404599225e-13,2.859543687914441e-13,3.3523010832485987e-13,1.8622463474540204e-13,1.7621262522167248e-13,1.6351455036202978e-13,1.98039288509029e-13,5.482933150965445e-13,5.233601358678163e-13,2.5939822608290394e-13,1.8170044748372145e-13,2.905299423239279e-13,1.5276433066120245e-13,2.2619538409110453e-13
Elementary flows/emission/air,Beryllium,0346d063-4db1-3f52-a695-892c4c98d443,kg,ELEMENTARY_FLOW,False,8.576362068465505e-13,9.333054807285905e-13,8.29846788871491e-13,8.719249714717302e-13,8.38389038138613e-13,8.926326555484042e-13,8.175253437632585e-13,1.5507339734852502e-12,7.84012623169584e-13,8.183826425564004e-13,9.779279837345502e-13,1.34852667981982e-12,8.446260857574025e-13,8.211383969290628e-13
Elementary flows/emission/air,Biphenyl,52e6476c-bc9d-3aa2-bfb8-6597393b87d1,kg,ELEMENTARY_FLOW,False,0.0,0.0,0.0,0.0,0.0,0.0,0.0,0.0,0.0,0.0,0.0,0.0,0.0,0.0
Elementary flows/emission/air,Butane,f6a30f66-1274-3c09-beb7-c5fd91d11659,kg,ELEMENTARY_FLOW,False,5.250526226860998e-06,7.441025772994236e-07,1.0310431546408827e-06,7.021733698904495e-07,5.6203363466803145e-06,5.03124330180831e-06,1.470659222156923e-06,1.786455136880964e-06,1.8791874528611097e-06,3.788593841850773e-06,5.527338348509178e-06,1.8072448458933965e-06,1.6926692317962747e-06,2.049862047395471e-06
Elementary flows/emission/air,CFC-11,b80498de-0f5e-3d3f-9cbf-396a4952e904,kg,ELEMENTARY_FLOW,False,0.0,0.0,0.0,0.0,0.0,0.0,0.0,0.0,0.0,0.0,0.0,0.0,0.0,0.0
Elementary flows/emission/air,Cadmium(II),c7456904-71f7-34d3-b7aa-22a4f69c593a,kg,ELEMENTARY_FLOW,False,2.749150738082248e-10,2.7940853982389043e-10,2.6977231071782743e-10,2.735836590020279e-10,2.709416686016431e-10,2.756554172824177e-10,2.696186556596956e-10,3.362440118025945e-10,2.6611291827664695e-10,2.6871602447910157e-10,2.8408789566361333e-10,3.1688139778596013e-10,2.714061001229813e-10,2.696684106553087e-10
Elementary flows/emission/air,Carbon black,34e3e9d7-a951-3525-a73b-cfb3f74dbe97,kg,ELEMENTARY_FLOW,False,6.048880547383315e-07,2.3705333289044972e-07,3.4228772356113246e-07,9.005164906319006e-08,8.196179750473965e-08,4.8128845027597585e-08,1.2248763306837078e-07,5.127049140914498e-07,6.589852026931553e-07,2.2198958625966716e-07,5.688760732227058e-08,1.4333492199881343e-07,4.2358405011883735e-08,1.673619965538347e-07
Elementary flows/emission/air,Carbon dioxide,b6f010fb-a764-3063-af2d-bcb8309a97b7,kg,ELEMENTARY_FLOW,False,0.010320776676116725,0.010691196180765177,0.009763421575119112,0.009970951130559237,0.009621165131867079,0.010160318483954182,0.009479876775385693,0.017298121859327123,0.009831002454284693,0.009604434626735877,0.010998072824740126,0.014763596140891977,0.0096721648849864,0.0096384162550434
Elementary flows/emission/air,Carbon monoxide,187c525c-3715-388c-b303-a0671524a615,kg,ELEMENTARY_FLOW,False,2.1515309282682117e-05,1.9405362649208716e-05,1.9302888034281783e-05,1.971126244436999e-05,1.8751046816785993e-05,2.029352446707698e-05,1.816445892321981e-05,4.444948813116923e-05,1.9991245269350462e-05,1.9030807541967882e-05,2.3305413158876985e-05,3.599149562011797e-05,1.8820430521119696e-05,1.875777477173304e-05
Elementary flows/emission/air,Chlorobenzene,0fe64d97-61d5-3366-9778-8c39d00edd73,kg,ELEMENTARY_FLOW,False,0.0,0.0,0.0,0.0,0.0,0.0,0.0,0.0,0.0,0.0,0.0,0.0,0.0,0.0
Elementary flows/emission/air,Chloroform,9fc17701-9417-3281-b9a3-d7ab3ecc1c57,kg,ELEMENTARY_FLOW,False,0.0,0.0,0.0,0.0,0.0,0.0,0.0,0.0,0.0,0.0,0.0,0.0,0.0,0.0
Elementary flows/emission/air,Chromium,98bd36e1-fbe4-32ee-ba78-3b6726917c9b,kg,ELEMENTARY_FLOW,False,7.781646997616447e-13,3.397471643477021e-13,4.838016881119571e-13,8.914569536768482e-13,9.173790242846628e-13,1.0796770655740726e-12,7.203004505852731e-13,6.237292824947403e-13,2.997189509171401e-13,3.202479167659925e-12,1.1848024292269234e-12,4.5091887330750104e-13,8.227503862875062e-13,1.8449196957939506e-12
Elementary flows/emission/air,Chromium(III),d9ed8839-5d20-3904-af9c-5807284712e0,kg,ELEMENTARY_FLOW,False,5.022328660899233e-10,5.062424524433035e-10,4.937872354796646e-10,4.98236578557031e-10,4.951895899269499e-10,5.00863974637674e-10,4.941149588393365e-10,5.786503469672216e-10,4.897829883221984e-10,4.905094356901893e-10,5.120036458265299e-10,5.533625558839098e-10,4.957504902527225e-10,4.931919578838437e-10
Elementary flows/emission/air,Chrysene,993fb955-f686-37f7-96e1-22b8c2a35ced,kg,ELEMENTARY_FLOW,False,9.768644136819965e-13,4.724096998017618e-13,6.044580864163464e-13,2.570551500740458e-13,2.40680029592488e-13,2.0137048459513552e-13,2.9438248224982233e-13,9.515637177442643e-13,1.0416879855792525e-12,4.3400506466344683e-13,2.2644562349766806e-13,4.032706758400223e-13,1.8608150661027948e-13,3.578346812226615e-13
Elementary flows/emission/air,Cobalt,e0d81f05-0407-3fc9-9f11-e2d22a6edebd,kg,ELEMENTARY_FLOW,False,7.65931017038945e-12,8.125310093542851e-12,7.409448459955513e-12,7.668705572165211e-12,7.436316736789818e-12,7.808998900601097e-12,7.301281737007094e-12,1.2481617257548008e-11,7.135887178327386e-12,7.305246983074994e-12,8.412052440255167e-12,1.1010211641792915e-11,7.474366295323373e-12,7.326881907729746e-12
Elementary flows/emission/air,Copper(II),efd11fd5-bac6-31a0-b675-600e582ae363,kg,ELEMENTARY_FLOW,False,2.34923045468134e-09,2.3277833025849413e-09,2.3181126076873637e-09,2.318967906512343e-09,2.3215360224505783e-09,2.32172646231459e-09,2.327708429134541e-09,2.3731866286514704e-09,2.3219122078479453e-09,2.306629520705835e-09,2.3345222174419616e-09,2.349884324849993e-09,2.321094262057024e-09,2.320291057889281e-09
Elementary flows/emission/air,Cyanide,37037bee-9867-3769-999c-c4d891b9975b,kg,ELEMENTARY_FLOW,False,0.0,0.0,0.0,0.0,0.0,0.0,0.0,0.0,0.0,0.0,0.0,0.0,0.0,0.0
Elementary flows/emission/air,Cyclohexane,12b39b80-c5cb-3410-9968-c6e41304f7d0,kg,ELEMENTARY_FLOW,False,0.0,0.0,0.0,0.0,0.0,0.0,0.0,0.0,0.0,0.0,0.0,0.0,0.0,0.0
Elementary flows/emission/air,Cyclopentane,7cfe87ec-d041-35a9-8547-17559edc863a,kg,ELEMENTARY_FLOW,False,0.0,0.0,0.0,0.0,0.0,0.0,0.0,0.0,0.0,0.0,0.0,0.0,0.0,0.0
Elementary flows/emission/air,"Dibenz[a,h]anthracene",e51f946b-179b-3580-9ba3-37299516be47,kg,ELEMENTARY_FLOW,False,1.4971600424716284e-12,6.4950046002684e-13,8.837955749818285e-13,3.0156886278589727e-13,2.7941801769314263e-13,2.061744783399299e-13,3.7157017863726785e-13,1.3520982788984942e-12,1.615522909552949e-12,6.029208825762344e-13,2.350821578720843e-13,4.731053047657773e-13,1.8796707247985258e-13,4.76233527245606e-13
Elementary flows/emission/air,Dichlorobenzene,4b26dc27-7261-3dee-a44d-8abb3fb419ce,kg,ELEMENTARY_FLOW,False,8.575656417774506e-11,9.332784661227701e-11,8.298054257499892e-11,8.718431142567108e-11,8.383045309544101e-11,8.925320600426561e-11,8.174605488602042e-11,1.5506787557137639e-10,7.839894992970553e-11,8.180727631106604e-11,9.778173879711542e-11,1.3484886020105524e-10,8.445511282517524e-11,8.209622645794754e-11
Elementary flows/emission/air,Dioxins,ac0fa9f8-2455-3106-841c-ed7be967c566,kg,ELEMENTARY_FLOW,False,4.227951370225451e-18,1.846616450065185e-18,2.6290645658381337e-18,4.843309406115827e-18,4.984095631331809e-18,5.865649507343381e-18,3.913656489053539e-18,3.3891118745836056e-18,1.6291812540126437e-18,1.7396277002953524e-17,6.4367352304341425e-18,2.4504597364787016e-18,4.47013229648371e-18,1.0022274327619548e-17
Elementary flows/emission/air,Ethane,423e3050-f49a-303a-88a8-1ac428418f9c,kg,ELEMENTARY_FLOW,False,2.3378221013248913e-05,6.043523894142802e-06,6.8791795609526255e-06,9.543246498055064e-06,1.4104041997527119e-05,2.667637913177981e-05,9.767609228686642e-06,1.1329000401834408e-05,1.2179078832024394e-05,3.6470918951752016e-05,3.529365634972377e-05,1.23995396933033e-05,1.271317402136511e-05,1.3312277452472852e-05
Elementary flows/emission/air,Ethylbenzene,7b2a26ef-86ec-39e1-82e6-016b31800e2b,kg,ELEMENTARY_FLOW,False,1.7025307052074263e-09,1.6830992527862209e-09,1.681862442325495e-09,1.6803947680647303e-09,1.683292585000422e-09,1.6819080269548979e-09,1.6885576613944968e-09,1.6846310000743494e-09,1.6865577241469821e-09,1.6750110276045958e-09,1.6857930931717779e-09,1.6792564983385558e-09,1.6830796513297253e-09,1.6835361540449676e-09
Elementary flows/emission/air,Ethylene,3378c02d-6828-36dc-a9fe-9948b59a8bd6,kg,ELEMENTARY_FLOW,False,0.0,0.0,0.0,0.0,0.0,0.0,0.0,0.0,0.0,0.0,0.0,0.0,0.0,0.0
Elementary flows/emission/air,Fluoranthene,c89c263a-b0b7-34c9-a27c-d9ebf851c3cc,kg,ELEMENTARY_FLOW,False,5.856868613236389e-11,4.699829835853091e-11,5.011275193538583e-11,4.246082423558695e-11,4.2294435741057034e-11,4.122127964773003e-11,4.36482708415268e-11,5.551504957557143e-11,5.979863450729744e-11,4.628660753602075e-11,4.1625649427367915e-11,4.4140949821945975e-11,4.108327755217837e-11,4.4871515118014367e-11
Elementary flows/emission/air,Fluorene,c5697dcb-8fd3-3046-b499-f34e33495b61,kg,ELEMENTARY_FLOW,False,7.03652664589452e-11,2.7715232595342466e-11,3.9897952337574753e-11,1.064914832884404e-11,9.702924669135918e-12,5.7910590805355646e-12,1.4398933644440327e-11,5.98340298245991e-11,7.662320129914464e-11,2.5941005471791114e-11,6.826948921368721e-12,1.6941061297735468e-11,5.110509445433011e-12,1.9605042680439106e-11
Elementary flows/emission/air,Formaldehyde,a257b8d3-62dd-37ad-b429-73d96c97165c,kg,ELEMENTARY_FLOW,False,2.951099997397208e-08,2.801024393558611e-08,2.783501965271199e-08,2.6895618014349273e-08,2.66941282889113e-08,2.6840453052477807e-08,2.682506436164849e-08,3.317668735421283e-08,2.9098823334700544e-08,2.7098570299420617e-08,2.747745923816284e-08,3.0097911857056375e-08,2.6539290725793608e-08,2.6985902368501263e-08
Elementary flows/emission/air,Heptane,9a2c8196-dc6a-3ee0-868d-4278ac51a46f,kg,ELEMENTARY_FLOW,False,0.0,0.0,0.0,0.0,0.0,0.0,0.0,0.0,0.0,0.0,0.0,0.0,0.0,0.0
Elementary flows/emission/air,Hexane,7955b6e2-3ae6-315c-94f1-028d7faada34,kg,ELEMENTARY_FLOW,False,1.5158552961979884e-07,1.6216010229130635e-07,1.4678066639048275e-07,1.5269473647710894e-07,1.4767607553738458e-07,1.557652363916972e-07,1.4467092348097042e-07,2.5519789125883144e-07,1.4043012463576485e-07,1.4477378275416227e-07,1.6860206649230308e-07,2.242726780438414e-07,1.4855961133136434e-07,1.4521002821971334e-07
Elementary flows/emission/air,Hydrochloric acid,e2230ed6-8d5e-3315-8bc9-ce337d1283ce,kg,ELEMENTARY_FLOW,False,6.044251042514099e-11,2.3139360801252474e-11,3.542958201027779e-11,7.011479808767945e-11,7.238462921316313e-11,8.61650811445178e-11,5.550007465875441e-11,4.729678254962697e-11,1.9806753172395197e-11,2.654272413904277e-10,9.473080190025779e-11,3.261554778906008e-11,6.420485198243834e-11,1.5086616525678426e-10
Elementary flows/emission/air,Hydrogen sulfide,f8cbcd43-8201-3b05-b19a-82d305414af4,kg,ELEMENTARY_FLOW,False,1.7404382339568871e-09,7.601605580850867e-10,1.0822557047722047e-09,1.993750668148655e-09,2.051705386101633e-09,2.414597467100575e-09,1.6110585935521308e-09,1.3951295483722866e-09,6.706532540789909e-10,7.161185873060464e-09,2.6496851822369737e-09,1.0087329400650188e-09,1.8401321298146579e-09,4.125674092146316e-09
Elementary flows/emission/air,"Indeno[1,2,3-cd]pyrene",e962ef47-cedd-36b6-b962-abacbab62a02,kg,ELEMENTARY_FLOW,False,1.0297285773733374e-12,4.931269588029095e-13,6.343723062042892e-13,2.6492520733278363e-13,2.4784307452257905e-13,2.0557669950992465e-13,3.050872815543553e-13,9.963715402606787e-13,1.099279968880528e-12,4.5340582450572737e-13,2.3141730972144075e-13,4.157974240084764e-13,1.8978341504906578e-13,3.7246126979283275e-13
Elementary flows/emission/air,Isobutane,515e9797-af84-335a-a30f-a48f9a9e2ed7,kg,ELEMENTARY_FLOW,False,2.376311689135042e-06,1.6481255654227924e-07,5.737979556668144e-07,1.2762726468796568e-07,6.145312825826966e-07,2.4922850290553846e-06,9.042540520666137e-07,1.2186092695979417e-06,7.57365380553914e-07,2.986776228307953e-06,4.08931147354558e-06,5.213892391861858e-07,6.727351625582451e-07,1.3924148611955194e-06
Elementary flows/emission/air,Lead(II),428a6b08-35fb-384d-8cbc-3b1f2ce4a26a,kg,ELEMENTARY_FLOW,False,6.48988039107306e-11,5.914128556366491e-11,5.7606869303341546e-11,6.523967292656728e-11,6.427753985000495e-11,6.911695360106478e-11,6.029651167200029e-11,9.067792926591506e-11,5.385509998524249e-11,1.0234076737783768e-10,7.45153928975797e-11,7.787427948226046e-11,6.27911307631221e-11,7.949021446886186e-11
Elementary flows/emission/air,Manganese,9a474c27-63f9-3d0d-a74c-465fd97400e7,kg,ELEMENTARY_FLOW,False,2.7076541533762025e-09,2.677819391437863e-09,2.672030983034074e-09,2.6703006040564358e-09,2.67500810490434e-09,2.6723767001090712e-09,2.683393475587928e-09,2.699956280952069e-09,2.679559052174393e-09,2.6589686285694493e-09,2.6830083393721276e-09,2.682177022131915e-09,2.6740779571244778e-09,2.674658274640198e-09
Elementary flows/emission/air,Mercury(II),59ebfa04-8747-377a-8e7f-a4392cc83e97,kg,ELEMENTARY_FLOW,False,6.833494952028919e-10,6.492250648771016e-10,6.529480090931608e-10,6.943241744913929e-10,6.678422024985471e-10,7.150099486669913e-10,6.429688625299602e-10,1.3521210169221334e-09,6.143610828683496e-10,6.503794423603253e-10,8.046795278939796e-10,1.167086428297006e-09,6.755376563882377e-10,6.503147766278932e-10
Elementary flows/emission/air,Methane,aab83476-ec6c-3742-af85-15d320b7ce80,kg,ELEMENTARY_FLOW,False,0.0002395887322906169,0.00012477738172749503,0.0001588711841666878,0.00028010013509801674,0.00019214543798865162,0.00019551432781358036,0.0001575799569149721,0.0002711956977033622,0.00014565265415439972,0.0002811394081025019,0.00041167063091057405,0.0002049380471472376,0.0001519279192468185,0.0002354586146910118
Elementary flows/emission/air,Methylcyclohexane,046a3f81-70f0-346e-ba1b-2010e209a565,kg,ELEMENTARY_FLOW,False,0.0,0.0,0.0,0.0,0.0,0.0,0.0,0.0,0.0,0.0,0.0,0.0,0.0,0.0
Elementary flows/emission/air,Methylene chloride,f9fd0074-f765-3f38-a150-2ca0a82c37be,kg,ELEMENTARY_FLOW,False,1.609498725506019e-13,1.5939286041013533e-13,1.5883139813495285e-13,1.5865656106933907e-13,1.5900850292870888e-13,1.5875686974142497e-13,1.5957500861809148e-13,1.591872698743945e-13,1.593712692631911e-13,1.5815214947318664e-13,1.5925509175135414e-13,1.5845429242267766e-13,1.5896563284472872e-13,1.5905902547500824e-13
Elementary flows/emission/air,Molybdenum,4383b6b5-ccab-30f1-b0f9-aca7cfc30910,kg,ELEMENTARY_FLOW,False,7.861018382959976e-11,8.555052606125429e-11,7.606549736041573e-11,7.991895214019864e-11,7.684458200415416e-11,8.181543883724352e-11,7.493388364551871e-11,1.4214555260709506e-10,7.186570410223011e-11,7.499000328514377e-11,8.963326056402251e-11,1.2361145518430085e-10,7.741718675641064e-11,7.525487425311857e-11
Elementary flows/emission/air,Naphthalene,ebf3aeb4-7a46-3029-a8f8-83d68f4d4ce5,kg,ELEMENTARY_FLOW,False,2.7376608533912354e-10,1.5218549418240988e-10,1.8270176592793905e-10,9.899996300433032e-11,9.459543413160618e-11,8.580248912414391e-11,1.0740518081438575e-10,2.7736886115306184e-10,2.8819524214799763e-10,1.410649700268657e-10,9.318983641965822e-11,1.4132710335033741e-10,8.14296989569582e-11,1.2276916585231962e-10
Elementary flows/emission/air,Nickel(II),3b7209a0-e9df-3308-a096-0ee2a8712dfe,kg,ELEMENTARY_FLOW,False,3.9665108142252645e-09,3.933847310519896e-09,3.912125212705159e-09,3.9150545635577606e-09,3.917397876464134e-09,3.920686098343996e-09,3.926646029885898e-09,4.0455808924130604e-09,3.91697129943748e-09,3.891926753969935e-09,3.946905647804612e-09,3.993908161079025e-09,3.9168813955676344e-09,3.914652449735183e-09
Elementary flows/emission/air,Nitric oxide,e4683d80-6078-3dd4-b381-6489015df3db,kg,ELEMENTARY_FLOW,False,1.0657809261304698e-05,4.176755004829803e-06,6.0309295937521824e-06,1.586662677811075e-06,1.4441237499548655e-06,8.480049292050186e-07,2.1581676490800834e-06,9.033590825329668e-06,1.161097254328519e-05,3.911339718322858e-06,1.0023297126782196e-06,2.525485910291303e-06,7.463328114901041e-07,2.9488303262073627e-06
Elementary flows/emission/air,Nitrogen dioxide,a742c00e-7148-3f99-9ecc-16bb46bd2f4f,kg,ELEMENTARY_FLOW,False,5.0662238013365e-07,1.9854837869331627e-07,2.8668839674511073e-07,7.553338888432594e-08,6.876294716115105e-08,4.045566406806223e-08,1.0266963614094719e-07,4.29409518320294e-07,5.518529785211325e-07,1.8634366997192018e-07,4.7804956991978346e-08,1.200878959884409e-07,3.5586991635068815e-08,1.404065090017288e-07
Elementary flows/emission/air,Nitrogen oxides,4382ba18-dd21-3837-80b2-94283ef5490e,kg,ELEMENTARY_FLOW,False,0.00012078841805649479,0.00011342249335034296,0.00011401857848175994,0.00012409235488674327,0.00011754028862134803,0.00012908232081302115,0.00011139348564983396,0.0002839491948755057,0.00010461493730702805,0.00011330851305406919,0.00015070100483819036,0.00023906965589555487,0.00011943419543091167,0.00011320369037692103
Elementary flows/emission/air,Nitrous oxide,cfee0524-7ad6-300b-b050-6249135a2492,kg,ELEMENTARY_FLOW,False,1.3416677712064115e-07,1.3677092627482897e-07,1.2943378812691647e-07,1.2643249027323936e-07,1.2663083290205554e-07,1.2605203400771802e-07,1.275736712365495e-07,1.3192117494241826e-07,1.3387208569398316e-07,1.2761094521303496e-07,1.2651535030739833e-07,1.2687492719234083e-07,1.2612127081880176e-07,1.2773391130674898e-07
Elementary flows/emission/air,Nonane,1897b106-f879-3b9e-b44d-b5bf29d9d6e5,kg,ELEMENTARY_FLOW,False,0.0,0.0,0.0,0.0,0.0,0.0,0.0,0.0,0.0,0.0,0.0,0.0,0.0,0.0
Elementary flows/emission/air,Octane,86382895-8bd4-3a06-8690-741950b7d876,kg,ELEMENTARY_FLOW,False,0.0,0.0,0.0,0.0,0.0,0.0,0.0,0.0,0.0,0.0,0.0,0.0,0.0,0.0
Elementary flows/emission/air,"Organic carbon, PM2.5 LC",9f636dd5-fa7f-327a-b03b-0bdeddd1a229,kg,ELEMENTARY_FLOW,False,1.2097761094766623e-07,4.741066657808988e-08,6.845754471222639e-08,1.801032981263805e-08,1.6392359500947938e-08,9.6257690055195e-09,2.4497526613674083e-08,1.0254098281828942e-07,1.31797040538631e-07,4.439791725193314e-08,1.1377521464454174e-08,2.8666984399762708e-08,8.471681002376702e-09,3.347239931076692e-08
Elementary flows/emission/air,Particulate matter,0418b561-ecf8-33c8-9c81-225789f15bd3,kg,ELEMENTARY_FLOW,False,8.927019968269465e-09,3.7562617390404845e-09,5.456704946228393e-09,1.0264626969486584e-08,1.0573147702264783e-08,1.2486060691367561e-08,8.243734694362831e-09,7.105349880530636e-09,3.2873467923876814e-09,3.746363648315294e-08,1.3709449460784866e-08,5.0681774230555955e-09,9.451510384313435e-09,2.1493604585476565e-08
Elementary flows/emission/air,"Particulate matter, > 10μm",a7eb485a-5288-3bb8-aad2-ce1992ec92b8,kg,ELEMENTARY_FLOW,False,0.00010178382074145554,4.015021488242779e-05,5.778044764100768e-05,1.551882891558513e-05,1.416436081887848e-05,8.49509842556191e-06,2.0955831570777287e-05,8.633411063106994e-05,0.00011084330371280969,3.762310257248922e-05,9.963938932769987e-06,2.444568087159757e-05,7.528845437683356e-06,2.847294386000413e-05
Elementary flows/emission/air,"Particulate matter, > 2.5μm and ≤ 10μm",a320e284-d276-3167-89b3-19d790081c08,kg,ELEMENTARY_FLOW,False,1.5936054346345824e-07,1.5345594878700477e-07,1.5419386516935476e-07,1.5098918074538218e-07,1.512242341070172e-07,1.5057889509536773e-07,1.5224769885932542e-07,1.5658406725462324e-07,1.5852053625122392e-07,1.5210492233327224e-07,1.5115528572773705e-07,1.5143979977538666e-07,1.5070634459025425e-07,1.523020919848832e-07
Elementary flows/emission/air,"Particulate matter, ≤ 2.5μm",49a9c581-7c83-36b0-b1bd-455ea4c665a6,kg,ELEMENTARY_FLOW,False,1.3416739777784463e-06,8.511240485608524e-07,9.754021839633585e-07,6.826543412938263e-07,6.484488185453087e-07,6.456805838226996e-07,6.804547264671581e-07,1.7956790033241275e-06,1.3532301446410154e-06,8.148194903737709e-07,7.326691172341268e-07,1.155479172483478e-06,6.033772653366818e-07,7.443024821099761e-07
Elementary flows/emission/air,Pentane,6c7402f5-173f-358a-8724-db60071b5091,kg,ELEMENTARY_FLOW,False,1.7396257108859623e-06,4.212365636592054e-07,5.339519576740143e-07,4.173034910264416e-07,1.0123021805800785e-06,1.6648534086787418e-06,6.286953247663067e-07,9.487230617833149e-07,7.251879190300978e-07,1.3647756041181504e-06,1.8466398927330156e-06,8.35838947156169e-07,5.897959253330381e-07,9.901576423209837e-07
Elementary flows/emission/air,Phenanthrene,12ae4a71-1402-36e9-ada8-fe6cb98c56ee,kg,ELEMENTARY_FLOW,False,7.276535014590648e-11,2.952258867138552e-11,4.177640082603768e-11,1.2110996747590102e-11,1.1110724324442223e-11,7.200105980534611e-12,1.5857877468309838e-11,6.288101634794653e-11,7.903351801248059e-11,2.758237912422641e-11,8.353938025619739e-12,1.9065025108908027e-11,6.452441364651353e-12,2.1150287095535128e-11
Elementary flows/emission/air,Phenol,45880be9-788f-387b-8b1b-c38615cc48e2,kg,ELEMENTARY_FLOW,False,4.2509087997974133e-10,4.201108468055226e-10,4.1967593400733594e-10,4.1928169511872226e-10,4.202000091732111e-10,4.195218869691867e-10,4.216208014288256e-10,4.204211992962657e-10,4.2098453924452766e-10,4.1769727102581506e-10,4.207765869874786e-10,4.1875305505928123e-10,4.2003576311969536e-10,4.201969245527435e-10
Elementary flows/emission/air,Phosphorus,95df3205-7c00-3edd-af6e-92ff90f42999,kg,ELEMENTARY_FLOW,False,7.019976794998058e-15,2.687475664616236e-15,4.114899295532551e-15,8.143345670115547e-15,8.406970753147039e-15,1.0007474307719116e-14,6.445947289162542e-15,5.493192020666723e-15,2.300416489594278e-15,3.082752622641091e-14,1.1002323140349915e-14,3.788068811584563e-15,7.45694657407092e-15,1.752205478898249e-14
Elementary flows/emission/air,Polycyclic aromatic hydrocarbons,3bf6bb55-a2d2-36a1-988c-3caf0d73baf9,kg,ELEMENTARY_FLOW,False,4.773277861222506e-10,2.3097968456517657e-10,3.011356392210497e-10,1.3273011540319007e-10,1.2749019089097258e-10,1.0479329593417209e-10,1.5478243151958556e-10,4.149977102315314e-10,5.127197887514164e-10,2.2050834643064544e-10,1.1085606551356057e-10,1.6819871355536195e-10,1.0103123944379907e-10,1.8448401398752133e-10
Elementary flows/emission/air,Propane,d7561431-fe1f-3854-862b-a3d2840d39e1,kg,ELEMENTARY_FLOW,False,1.3789291211144284e-05,1.8712440834916307e-06,2.0954371374090807e-06,2.151912691652129e-06,2.7766294780592587e-06,1.4626781552587329e-05,3.928997998427214e-06,4.549247661404295e-06,5.048594370460767e-06,1.2138634759798709e-05,1.7802957031013516e-05,4.167508287556405e-06,4.596402859327108e-06,6.072984539737906e-06
Elementary flows/emission/air,Propylene,2014edbf-fd15-3674-8927-701264cb597f,kg,ELEMENTARY_FLOW,False,6.1995248420104395e-09,2.4295700183241586e-09,3.5081222508698887e-09,9.22943300046735e-10,8.400300432278646e-10,4.932745667430007e-10,1.2553811849199346e-09,5.254735699167876e-09,6.753969013434849e-09,2.2751808578690116e-09,5.830435025111823e-10,1.469046024768183e-09,4.341331014496144e-10,1.7153004091880685e-09
Elementary flows/emission/air,Propylene oxide,4925db0d-7f56-3efa-ada9-eb799c3edd5b,kg,ELEMENTARY_FLOW,False,9.706799621584654e-10,9.593082328630026e-10,9.583151248986354e-10,9.574148943655836e-10,9.595118319703227e-10,9.579633639453866e-10,9.627561607429847e-10,9.600169117788747e-10,9.613032785898648e-10,9.537969180904414e-10,9.608284269792821e-10,9.562077635211946e-10,9.591367819268626e-10,9.5950478834879e-10
Elementary flows/emission/air,Pyrene,b51b5cbd-b0cb-3104-b03b-4fbc12829a9e,kg,ELEMENTARY_FLOW,False,1.1883759258141007e-11,4.930278730212232e-12,6.88526916811977e-12,2.1131523019347418e-12,1.945652207887145e-12,1.3257460825538413e-12,2.7066353303406597e-12,1.0421691868025697e-11,1.2879929867708808e-11,4.5959253515356236e-12,1.527722886050544e-12,3.323474085391256e-12,1.1962346180417311e-12,3.560061459296238e-12
Elementary flows/emission/air,Selenium,b6db14bd-73e9-3f02-852a-e8b5e60bbc61,kg,ELEMENTARY_FLOW,False,5.550033491141866e-12,4.551814286973253e-12,4.66142038155008e-12,3.968451933732517e-12,3.880848830222222e-12,3.882328343711677e-12,3.97055056659745e-12,6.631277909238427e-12,5.549505529635752e-12,4.261265624870853e-12,4.0859787698748455e-12,5.0827798746212714e-12,3.771071918001338e-12,4.1096584769785466e-12
Elementary flows/emission/air,Sulfur dioxide,f4973035-59f5-3bdc-b257-b274dcc04e0f,kg,ELEMENTARY_FLOW,False,1.8543064727498727e-06,1.6805804570066532e-06,1.7169846401171392e-06,1.6228241755708575e-06,1.621796267405501e-06,1.6119757775247597e-06,1.6382371776744056e-06,1.8302560507702775e-06,1.846451425831901e-06,1.7249732472420526e-06,1.627134093213893e-06,1.6562390505009337e-06,1.603056298360159e-06,1.6788530331944588e-06
Elementary flows/emission/air,Sulfur oxides,42e4c3cb-8468-3004-bd4b-19e6cbb81687,kg,ELEMENTARY_FLOW,False,7.571033287705737e-07,3.1488079774546227e-07,4.3739213678101546e-07,1.335171394804437e-07,1.219839307340664e-07,8.368348224339162e-08,1.70038498575033e-07,6.801422080881025e-07,8.192381845639003e-07,2.909752764878553e-07,9.851615468235e-08,2.2201106219879633e-07,7.425877358973907e-08,2.2472515158405814e-07
Elementary flows/emission/air,Tetrachloroethylene,984f3962-1a35-3813-bbf1-e3887be06b6f,kg,ELEMENTARY_FLOW,False,4.8800178829262816e-18,1.8682297230100728e-18,2.8605197331916782e-18,5.6609407206772815e-18,5.844202739505933e-18,6.95681125604173e-18,4.4809746473702e-18,3.818655827224717e-18,1.599161070645913e-18,2.1430110620658537e-17,7.648391903075515e-18,2.633319750495429e-18,5.183782467688645e-18,1.2180658599438048e-17
Elementary flows/emission/air,Toluene,3f72fe9c-b003-38ee-b8d2-13a84f60506c,kg,ELEMENTARY_FLOW,False,9.149439856217387e-09,8.483422961954026e-09,8.619924736849008e-09,8.215315038154588e-09,8.205235056288415e-09,8.160755649479388e-09,8.289176037604304e-09,9.113687743183691e-09,9.142706758974032e-09,8.390524841863832e-09,8.215887418551533e-09,8.432793599466059e-09,8.142192885240957e-09,8.340510946667811e-09
Elementary flows/emission/air,Vanadium,7e3145d3-a1a3-36d0-ae11-d380127cde8b,kg,ELEMENTARY_FLOW,False,3.239723589948479e-10,3.297733318049063e-10,3.115094933309061e-10,3.1441364231034547e-10,3.081481224750065e-10,3.1764141343431414e-10,3.05474595170146e-10,4.533771676864216e-10,3.094924673002031e-10,3.062605600775705e-10,3.3461831075631713e-10,4.066392747555977e-10,3.0852190720782523e-10,3.0656262092250776e-10
Elementary flows/emission/air,Vinyl chloride,b5c72fb3-6445-33b7-aec4-ba41e30b8d14,kg,ELEMENTARY_FLOW,False,2.249751469280385e-13,9.280987327504152e-14,1.3057324825731753e-13,4.0006894174638875e-14,3.711983263917618e-14,2.496409436550428e-14,5.169288676155481e-14,1.9178572314114787e-13,2.4430970020311285e-13,8.74238765572705e-14,2.8136022923758806e-14,5.911663101541447e-14,2.2894683870272357e-14,6.78134939177723e-14
Elementary flows/emission/air,Volatile organic compounds,6f861846-1c4c-3fc9-a198-56b2d9abd83b,kg,ELEMENTARY_FLOW,False,6.672694905940616e-06,4.757982177180741e-06,5.0292944986666205e-06,6.425589624096254e-06,5.364653571913691e-06,6.120124424277249e-06,4.848139384696415e-06,1.2381456399743613e-05,4.887400596685414e-06,6.393972204013823e-06,8.777549449053708e-06,1.0049229093467192e-05,5.138617575350437e-06,5.597480368726146e-06
Elementary flows/emission/air,Xylene,aef9d0ff-6482-3b1d-a53e-4d738bdcd9b1,kg,ELEMENTARY_FLOW,False,3.826794503995438e-09,3.3743511908863788e-09,3.4910786645417515e-09,3.2027688642585727e-09,3.1991621617373353e-09,3.1579536253737973e-09,3.2548719855141023e-09,3.6891845060709635e-09,3.8584395601482265e-09,3.3419563055993952e-09,3.175338588986922e-09,3.2607368915639872e-09,3.153815124760182e-09,3.2962314392490214e-09
Elementary flows/emission/air,Zinc(II),2cf52e26-e4e6-37e0-85a1-6bcbfb17ec03,kg,ELEMENTARY_FLOW,False,2.076019950002031e-09,2.2579311986156664e-09,2.008163419751716e-09,2.109037129691479e-09,2.0279666670952575e-09,2.1589177072667477e-09,1.977715133193191e-09,3.750761490254817e-09,1.8983460764638683e-09,1.9794611591967447e-09,2.3650545256299464e-09,3.2610790820936054e-09,2.0429497563921265e-09,1.9862992553580643e-09
Elementary flows/emission/ground,Aluminum,ce7ca5a4-4642-3f68-b2e6-61853872844d,kg,ELEMENTARY_FLOW,False,0.0,6.994129671568173e-14,0.0,0.0,0.0,0.0,0.0,0.0,0.0,0.0,0.0,0.0,0.0,0.0
Elementary flows/emission/ground,Ammonia,1633cea3-311a-3667-a428-419522a8065d,kg,ELEMENTARY_FLOW,False,0.0,5.712758110280212e-12,0.0,0.0,0.0,0.0,0.0,0.0,0.0,0.0,0.0,0.0,0.0,0.0
Elementary flows/emission/ground,Antimony,a6ec695d-c0d4-36a0-8ce6-afaa4239590c,kg,ELEMENTARY_FLOW,False,0.0,4.350872577320365e-15,0.0,0.0,0.0,0.0,0.0,0.0,0.0,0.0,0.0,0.0,0.0,0.0
Elementary flows/emission/ground,Arsenic(V),c49b23d3-a86b-39f2-adfc-56cf928d39e7,kg,ELEMENTARY_FLOW,False,0.0,4.406157028714457e-15,0.0,0.0,0.0,0.0,0.0,0.0,0.0,0.0,0.0,0.0,0.0,0.0
Elementary flows/emission/ground,Barium,e55533b3-325c-3b5a-968e-d916c37e3652,kg,ELEMENTARY_FLOW,False,0.0,1.2989927635075175e-10,7.38220344877058e-12,3.800284568172405e-12,6.622547075002958e-12,2.0458552785005217e-11,2.7832405597623093e-12,1.1735842049630843e-11,0.0,0.0,0.0,8.203256751886178e-12,0.0,0.0
Elementary flows/emission/ground,Benzene,2d8e739c-9364-34bd-871d-3fcbd081a024,kg,ELEMENTARY_FLOW,False,0.0,0.0,0.0,0.0,0.0,0.0,0.0,0.0,0.0,0.0,3.0871369496754076e-13,0.0,0.0,0.0
Elementary flows/emission/ground,Beryllium,da0f6c12-b6ba-366a-8d62-4e373f300ffa,kg,ELEMENTARY_FLOW,False,0.0,2.137700943899162e-15,0.0,0.0,0.0,0.0,0.0,0.0,0.0,0.0,0.0,0.0,0.0,0.0
Elementary flows/emission/ground,Bicarbonate,1208f3d7-8e09-3e47-9fa8-cbef9b54253d,kg,ELEMENTARY_FLOW,False,4.94726815675595e-11,0.0,1.8776172259473002e-11,1.880616522387524e-11,3.124524920533814e-11,1.9558876237383693e-11,2.6357644628523505e-10,7.918650670318228e-12,4.398350867485646e-11,8.548195203876622e-10,5.99295400594031e-10,1.4102969682767864e-11,1.4706821845453204e-11,6.524194191285203e-10
Elementary flows/emission/ground,Boron,78e348a1-4f2b-3c1b-9edc-a36b7b0af531,kg,ELEMENTARY_FLOW,False,0.0,9.22808327465337e-13,0.0,1.0031236966629634e-12,0.0,0.0,0.0,6.6118341786856956e-12,0.0,0.0,2.3911227107577128e-14,0.0,0.0,0.0
Elementary flows/emission/ground,Bromine,98ff9077-502a-39b9-87fe-5c7465307ef5,kg,ELEMENTARY_FLOW,False,0.0,4.531836250245014e-11,0.0,1.3820783174330103e-11,0.0,0.0,0.0,4.586796888542791e-12,0.0,0.0,3.7738107718668847e-13,0.0,0.0,0.0
Elementary flows/emission/ground,Cadmium(II),a5915eb2-88bc-3102-af95-ca0159420339,kg,ELEMENTARY_FLOW,False,0.0,1.855356171185061e-15,0.0,0.0,0.0,0.0,0.0,0.0,0.0,0.0,0.0,0.0,0.0,0.0
Elementary flows/emission/ground,Calcium,98cfca02-c594-3890-a242-18c86de14553,kg,ELEMENTARY_FLOW,False,8.276467876365574e-10,5.634788983581025e-10,1.1581626150885414e-09,2.0941729856393167e-10,1.3265098404877447e-09,3.2588340982500705e-09,6.494768759018801e-11,4.871869779229456e-10,4.040599231069049e-10,6.556396783577775e-10,2.5568730841854977e-10,7.155016800734876e-10,3.784496436034194e-10,1.300624918480382e-10
Elementary flows/emission/ground,Calcium carbonate,74273558-eaf4-3a18-9699-2e27cfee147f,kg,ELEMENTARY_FLOW,False,0.0,1.0110283130803883e-11,0.0,0.0,0.0,0.0,0.0,3.2459199508744084e-11,0.0,0.0,0.0,0.0,0.0,0.0
Elementary flows/emission/ground,Chloride,9ee17f49-01b3-3ae8-9cf8-de8ee9dfd6e0,kg,ELEMENTARY_FLOW,False,9.140597959660757e-09,3.916291573071191e-09,7.424883233837026e-09,3.0068664621311088e-09,1.0018302256299858e-08,2.3285495314581087e-08,1.1199593037229177e-09,2.617830639958571e-09,4.74879664179437e-09,1.1194067117132934e-08,4.939299187615607e-10,6.413593590512429e-09,5.104388052188729e-09,2.8308977716979462e-09
Elementary flows/emission/ground,Chromium(VI),187acf44-9b91-36cc-a1c3-66c9e3bae012,kg,ELEMENTARY_FLOW,False,0.0,9.42889592012943e-14,0.0,0.0,0.0,0.0,0.0,0.0,0.0,0.0,3.779779799871345e-15,0.0,0.0,0.0
Elementary flows/emission/ground,Cobalt,cb8f8925-a811-38ff-b19f-85377dc28de0,kg,ELEMENTARY_FLOW,False,0.0,8.31309990278663e-14,0.0,0.0,0.0,0.0,0.0,0.0,0.0,0.0,0.0,0.0,0.0,0.0
Elementary flows/emission/ground,Copper(II),4f41de61-8a09-32a3-96a8-e9eeb446a176,kg,ELEMENTARY_FLOW,False,0.0,2.1635158352937648e-14,0.0,0.0,0.0,0.0,0.0,0.0,0.0,0.0,5.3925115431293176e-15,0.0,0.0,0.0
Elementary flows/emission/ground,Cyanide,6d4f326f-f8bb-3f79-a350-23db9ba95a53,kg,ELEMENTARY_FLOW,False,0.0,2.307725895177356e-12,0.0,0.0,0.0,0.0,0.0,0.0,0.0,0.0,0.0,0.0,0.0,0.0
Elementary flows/emission/ground,Fluoride,ce935bd2-3bbd-37fb-857b-79d8511c0fdc,kg,ELEMENTARY_FLOW,False,0.0,1.8010712988343317e-13,0.0,0.0,0.0,0.0,0.0,0.0,0.0,0.0,0.0,0.0,0.0,0.0
Elementary flows/emission/ground,Hydrogen ion,ad84f989-6a77-3dd0-8a03-7b45cdb9e926,kg,ELEMENTARY_FLOW,False,0.0,6.765492046970324e-12,0.0,0.0,0.0,0.0,0.0,0.0,0.0,0.0,0.0,0.0,0.0,0.0
Elementary flows/emission/ground,Hydrogen sulfide,f28d2eef-429f-3c2f-9b7e-6fb5c8df661f,kg,ELEMENTARY_FLOW,False,0.0,0.0,0.0,0.0,0.0,0.0,0.0,0.0,0.0,0.0,1.1776886776875063e-14,0.0,0.0,0.0
Elementary flows/emission/ground,Iodine,2f81e068-0e22-375b-9f95-99f46a757f21,kg,ELEMENTARY_FLOW,False,0.0,0.0,0.0,0.0,0.0,0.0,0.0,1.0995949590598481e-12,0.0,0.0,0.0,0.0,0.0,0.0
Elementary flows/emission/ground,Iron,106f9639-cbb0-3fc8-8a6b-8fcc40f3111e,kg,ELEMENTARY_FLOW,False,0.0,3.859029840720402e-12,9.578264565342984e-12,3.382473157691157e-12,2.3975518136696774e-11,7.43025201246573e-11,4.240461311477565e-12,2.6579285158225754e-12,0.0,0.0,5.874929824470857e-13,0.0,0.0,0.0
Elementary flows/emission/ground,Lead(II),84cd99c1-7991-3e2d-b411-5d684a047da3,kg,ELEMENTARY_FLOW,False,0.0,3.0690083020555542e-15,0.0,0.0,0.0,0.0,0.0,0.0,0.0,0.0,0.0,0.0,0.0,0.0
Elementary flows/emission/ground,Lithium,d989d2b9-fa3f-3b64-805d-f4bb267c9a0e,kg,ELEMENTARY_FLOW,False,0.0,4.475857085933657e-12,0.0,1.2291666424039721e-12,0.0,0.0,0.0,1.3463982499643834e-12,0.0,0.0,0.0,0.0,0.0,1.3475737759099874e-12
Elementary flows/emission/ground,Magnesium,8a039ef9-ea10-3a7e-8376-49235324a7f9,kg,ELEMENTARY_FLOW,False,1.9281331897092185e-10,5.3176454319934377e-11,1.391655155249509e-10,4.96567404025034e-11,2.1059542414548044e-10,5.581642630817078e-10,8.889062376521098e-12,1.1970736143192708e-11,1.2926406846560063e-10,1.4888088573988943e-10,4.979945038981948e-11,1.5189607609252198e-10,6.520495742417499e-11,2.1593758788840466e-11
Elementary flows/emission/ground,Manganese,ecfcc16c-1a1c-33d2-b9ac-486d3bede4c3,kg,ELEMENTARY_FLOW,False,0.0,2.8337635017006116e-13,0.0,2.74747999152014e-13,0.0,0.0,0.0,2.7126118069826596e-13,0.0,0.0,8.601380434090788e-15,0.0,0.0,0.0
Elementary flows/emission/ground,Mercury(II),1b976b41-2653-33fe-bc1e-f0bb6b31cff7,kg,ELEMENTARY_FLOW,False,0.0,1.2036452765724241e-17,0.0,0.0,0.0,0.0,0.0,0.0,0.0,0.0,0.0,0.0,0.0,0.0
Elementary flows/emission/ground,Molybdenum trioxide,3cd4c415-aadc-3011-be13-8bd4c570951d,kg,ELEMENTARY_FLOW,False,0.0,1.1493252700798144e-14,0.0,0.0,0.0,0.0,0.0,0.0,0.0,0.0,0.0,0.0,0.0,0.0
Elementary flows/emission/ground,Nickel(II),32198bf0-da59-39ad-87cb-fe396e9b7664,kg,ELEMENTARY_FLOW,False,0.0,4.1340683951009454e-14,0.0,0.0,0.0,0.0,0.0,0.0,0.0,0.0,0.0,0.0,0.0,0.0
Elementary flows/emission/ground,Nitrate,d6d40356-2c5c-3ae0-89a9-fec2a41f07b2,kg,ELEMENTARY_FLOW,False,0.0,1.5741735146113527e-13,0.0,0.0,0.0,0.0,0.0,0.0,0.0,0.0,0.0,0.0,0.0,0.0
Elementary flows/emission/ground,Nitrite,ec1e5b2d-d3c6-31b7-9782-a5604248a90c,kg,ELEMENTARY_FLOW,False,0.0,6.198045583977828e-13,0.0,0.0,0.0,0.0,0.0,0.0,0.0,0.0,0.0,0.0,0.0,0.0
Elementary flows/emission/ground,Nitrogen,11a87634-d3a9-31a9-bd33-8d60b9f0f4d4,kg,ELEMENTARY_FLOW,False,0.0,5.84259981788256e-12,0.0,0.0,0.0,0.0,0.0,0.0,0.0,0.0,0.0,0.0,0.0,0.0
Elementary flows/emission/ground,Orthophosphate,a068de64-a23b-3f9b-859b-f0e31614fe56,kg,ELEMENTARY_FLOW,False,0.0,1.0388321031537227e-13,0.0,0.0,0.0,0.0,0.0,0.0,0.0,0.0,0.0,0.0,0.0,0.0
Elementary flows/emission/ground,Phenol,2db075b9-9baa-3274-aa8b-1d7e0296a730,kg,ELEMENTARY_FLOW,False,0.0,3.262158295629299e-15,0.0,0.0,0.0,0.0,0.0,0.0,0.0,0.0,0.0,0.0,0.0,0.0
Elementary flows/emission/ground,Potassium,5207f3a6-df59-315b-a1ac-2ba8e184c666,kg,ELEMENTARY_FLOW,False,0.0,2.1443462490688374e-11,0.0,8.609760362202667e-12,0.0,0.0,2.871927014057242e-11,4.148581235066244e-11,0.0,4.422088563794368e-10,9.937594653351732e-13,0.0,0.0,8.190691870637123e-11
Elementary flows/emission/ground,Radium-226,960f54af-e598-3e31-a338-18f169860eed,kBq,ELEMENTARY_FLOW,False,0.0,5.1391545020436045,0.0,0.6414783456900588,0.0,0.0,0.0,0.0,0.0,0.0,0.0,0.0,0.0,0.0
Elementary flows/emission/ground,Radium-228,c10072c0-289d-30f7-affa-8422637c9c5b,kBq,ELEMENTARY_FLOW,False,0.0,201.6639706662864,0.0,27.948990958170445,0.0,0.0,0.0,0.0,0.0,0.0,0.0,0.0,0.0,0.0
Elementary flows/emission/ground,Selenium,89a74257-9468-34f6-b780-2c20a555626f,kg,ELEMENTARY_FLOW,False,0.0,2.7566929576891192e-15,0.0,0.0,0.0,0.0,0.0,0.0,0.0,0.0,0.0,0.0,0.0,0.0
Elementary flows/emission/ground,Silicon,d13b421a-8f69-3f80-98f8-fdf507df717f,kg,ELEMENTARY_FLOW,False,0.0,0.0,0.0,6.569200876823331e-12,4.641309565292843e-11,1.4442160402380197e-10,0.0,5.359641340368396e-12,0.0,0.0,0.0,0.0,0.0,0.0
Elementary flows/emission/ground,Silver,8d7944f4-3acf-3f76-9aec-b11b0173a2a7,kg,ELEMENTARY_FLOW,False,0.0,2.609218185461408e-15,0.0,0.0,0.0,0.0,0.0,0.0,0.0,0.0,0.0,0.0,0.0,0.0
Elementary flows/emission/ground,Sodium,23639586-433b-3876-b3c3-eff7f8ad761c,kg,ELEMENTARY_FLOW,False,5.654381064619258e-09,1.6839667793230164e-09,3.3172775525641433e-09,1.4077587290924568e-09,4.657393830598579e-09,1.0559561908886796e-08,7.32797120742205e-10,1.1595760577377624e-09,2.4633853776724736e-09,6.7502024597273264e-09,5.622587129344543e-10,3.043702069173496e-09,2.6726924001930715e-09,2.1394421252013896e-09
Elementary flows/emission/ground,Strontium,4ac6cdf2-e742-3dfd-bde7-af7567bc4e35,kg,ELEMENTARY_FLOW,False,0.0,1.0981603155614339e-10,0.0,1.3243140541993798e-11,0.0,0.0,0.0,3.118255794575315e-11,0.0,0.0,0.0,0.0,0.0,0.0
Elementary flows/emission/ground,Strontium-87,a4365467-fab8-3c84-90ac-fe768249d476,kBq,ELEMENTARY_FLOW,False,0.0,20284.02430208745,0.0,42496.81294164164,0.0,0.0,0.0,23569.94859789022,0.0,0.0,0.0,0.0,0.0,0.0
Elementary flows/emission/ground,Sulfate,9cf42314-fd4f-358e-8fe2-58f3c0c8b478,kg,ELEMENTARY_FLOW,False,2.029251406618209e-10,4.771542227230291e-12,2.9612586421458146e-11,1.4512552812348767e-11,6.104836258217466e-11,4.926388537722166e-11,6.833491748233627e-11,3.2565029006701267e-12,1.473475006932475e-10,5.361885972527739e-10,2.0081356091432723e-10,1.8226269588489336e-11,5.64757525693379e-12,4.26172043912912e-10
Elementary flows/emission/ground,Sulfite,0a0e1672-e580-32df-a662-3fe7a1c8f6ce,kg,ELEMENTARY_FLOW,False,0.0,9.343607201529955e-13,0.0,0.0,0.0,0.0,0.0,0.0,0.0,0.0,0.0,0.0,0.0,0.0
Elementary flows/emission/ground,Sulfur,c6b97da9-b228-3d5a-9ce1-014e9089cca7,kg,ELEMENTARY_FLOW,False,0.0,2.1586675103193673e-13,0.0,0.0,0.0,0.0,0.0,0.0,0.0,0.0,0.0,0.0,0.0,0.0
Elementary flows/emission/ground,"Suspended solids, inorganic",60c584ff-104f-3007-8ae7-b04b7ec6af49,kg,ELEMENTARY_FLOW,False,0.0,1.816068597509654e-11,0.0,0.0,0.0,0.0,0.0,0.0,0.0,0.0,0.0,0.0,0.0,0.0
Elementary flows/emission/ground,Thallium,b6b8acf7-f3e2-3146-9a49-01a3530cd850,kg,ELEMENTARY_FLOW,False,0.0,8.34867030516585e-15,0.0,0.0,0.0,0.0,0.0,0.0,0.0,0.0,0.0,0.0,0.0,0.0
Elementary flows/emission/ground,Tin,cb1cb479-023f-3875-9429-e2ec70e9b983,kg,ELEMENTARY_FLOW,False,0.0,5.0030246279418467e-14,0.0,0.0,0.0,0.0,0.0,0.0,0.0,0.0,0.0,0.0,0.0,0.0
Elementary flows/emission/ground,Titanium,9ead7a1d-e02d-3fc5-aefb-a081e974e914,kg,ELEMENTARY_FLOW,False,0.0,1.5752696875551932e-14,0.0,0.0,0.0,0.0,0.0,0.0,0.0,0.0,0.0,0.0,0.0,0.0
Elementary flows/emission/ground,Toluene,123df42b-1658-3f80-ad31-fffbb8559d43,kg,ELEMENTARY_FLOW,False,0.0,0.0,0.0,0.0,0.0,0.0,0.0,0.0,0.0,0.0,2.5232043374279715e-13,0.0,0.0,0.0
Elementary flows/emission/ground,Total Organic Carbon,1f466816-2538-329a-86fb-8bee31cabba1,kg,ELEMENTARY_FLOW,False,0.0,1.9810022589313858e-11,0.0,0.0,0.0,0.0,0.0,0.0,0.0,0.0,0.0,0.0,0.0,0.0
Elementary flows/emission/ground,Zinc(II),24541f68-d81a-3a8a-b0ca-bca0d5852ccb,kg,ELEMENTARY_FLOW,False,0.0,9.646028833752788e-14,0.0,0.0,0.0,0.0,0.0,4.3942282758034934e-14,0.0,0.0,0.0,0.0,0.0,0.0
Elementary flows/emission/water,Aluminum,2b8613fe-c7db-355d-9754-baebbc92512f,kg,ELEMENTARY_FLOW,False,8.64898513439415e-11,8.524357641846096e-11,8.507669599709634e-11,8.540103823598034e-11,8.561565639925786e-11,8.564481524760608e-11,8.571760814062395e-11,8.539926829719576e-11,8.516851780724033e-11,8.742285819734189e-11,8.601076640757196e-11,8.485033427340237e-11,8.549819362916272e-11,8.656179945228524e-11
Elementary flows/emission/water,Ammonia,2d117fdd-370d-331c-b07c-b0172c4a10ef,kg,ELEMENTARY_FLOW,False,1.8221525694421289e-10,5.00699466803548e-07,1.1327889473120806e-10,2.0874714749055762e-10,2.148180496625508e-10,2.5282630563987836e-10,1.686640310686616e-10,1.4604820720153822e-10,7.01689521693028e-11,7.49957351130012e-10,2.7744402423062165e-10,1.0557804923757333e-10,1.9265660077852436e-10,4.320359054165044e-10
Elementary flows/emission/water,Antimony,dde20124-511b-3e0d-8834-5ddd88e15cba,kg,ELEMENTARY_FLOW,False,0.0,4.933979211394237e-16,0.0,0.0,0.0,0.0,0.0,0.0,0.0,0.0,0.0,0.0,0.0,0.0
Elementary flows/emission/water,Arsenic(V),e3bcc418-eca5-39a0-a128-e2716b806624,kg,ELEMENTARY_FLOW,False,1.1671555976685869e-09,1.1482312677661482e-09,1.1464230567827057e-09,1.1398508356456575e-09,1.142204562758484e-09,1.1396865848017581e-09,1.147122007466457e-09,1.1525693485799946e-09,1.1569731358121652e-09,1.1390190836454514e-09,1.143444907343153e-09,1.1395229160175857e-09,1.1410617983688186e-09,1.1443693424542716e-09
Elementary flows/emission/water,Barium,a1e9b66c-ac46-35e8-bba3-318f6556a90f,kg,ELEMENTARY_FLOW,False,6.124896672983643e-08,5.689866786518003e-08,5.778984982628948e-08,5.510160236885768e-08,5.513778793350054e-08,5.470102504332707e-08,5.575288980167042e-08,5.968783011775839e-08,6.127339663323772e-08,5.630580838573185e-08,5.496014577763696e-08,5.558793360421515e-08,5.4709622283449335e-08,5.604499939684057e-08
Elementary flows/emission/water,Benzene,67999cea-e58a-3044-95a9-4b45269260fd,kg,ELEMENTARY_FLOW,False,4.4394743887625736e-11,2.2406595861207067e-11,2.8644950597737395e-11,1.3616812520133011e-11,1.3153480058786279e-11,1.1126375822815247e-11,1.5595352443315253e-11,3.881270949694906e-11,4.7531916412809206e-11,2.1458730105159103e-11,1.1709373652983007e-11,1.677726464209772e-11,1.079235035426654e-11,1.8246251957958878e-11
Elementary flows/emission/water,Beryllium,c00fa432-1dcc-3bf3-870f-4043c05cc887,kg,ELEMENTARY_FLOW,False,0.0,2.424196946689765e-16,0.0,0.0,0.0,0.0,0.0,0.0,0.0,0.0,0.0,0.0,0.0,0.0
Elementary flows/emission/water,Bicarbonate,14019299-4013-3351-af2d-287fee154b97,kg,ELEMENTARY_FLOW,False,6.851661419258199e-09,6.7814050654178795e-09,6.759183235012793e-09,6.752849082569355e-09,6.769270774464131e-09,6.757385874048871e-09,6.819546387379496e-09,6.7723501956729315e-09,6.7836304218555505e-09,6.825613790227687e-09,6.844291087566994e-09,6.74347617197412e-09,6.7657441776851e-09,6.841489523839913e-09
Elementary flows/emission/water,Biological Oxygen Demand,27b840cc-1f41-3943-8ea8-6d68b44b7f81,kg,ELEMENTARY_FLOW,False,7.411075430419185e-09,7.457821555750675e-07,6.881003999043232e-09,6.453207150165938e-09,6.453806694104989e-09,6.388560554179348e-09,6.542442673531943e-09,7.1840311777902105e-09,7.434437416302788e-09,6.681111724064088e-09,6.424243511265429e-09,6.530192349088101e-09,6.384282107530488e-09,6.610023415559156e-09
Elementary flows/emission/water,Boron,57152560-592a-383f-89b1-a77d7d432ad8,kg,ELEMENTARY_FLOW,False,0.0,1.0464836703215155e-13,0.0,1.1375629549786146e-13,0.0,0.0,0.0,7.497956285107477e-13,0.0,0.0,2.7115824554984312e-15,0.0,0.0,0.0
Elementary flows/emission/water,Bromide,7d2d94b8-a7a3-3670-b74d-1fc75b7ed55e,kg,ELEMENTARY_FLOW,False,1.4142794676022183e-08,1.3115032239580692e-08,1.3329906155687697e-08,1.2695474446985925e-08,1.2703240093659932e-08,1.2600223979503984e-08,1.2847475996604257e-08,1.3777319023614399e-08,1.4151724813354647e-08,1.2980980901655006e-08,1.2660970383475478e-08,1.281061731027732e-08,1.2602384318637528e-08,1.2917570507823558e-08
Elementary flows/emission/water,Bromine,63bd071e-a05b-3666-ba14-e1a487ed151b,kg,ELEMENTARY_FLOW,False,0.0,3.033270660979407e-06,0.0,1.5673053084291888e-12,0.0,0.0,0.0,5.201522244739258e-13,0.0,0.0,4.2795792258284084e-14,0.0,0.0,0.0
Elementary flows/emission/water,Cadmium(II),c3ff0a51-912f-3024-ad17-f52074cfd989,kg,ELEMENTARY_FLOW,False,1.3586911684899267e-13,5.955312402806336e-14,8.448741468858438e-14,1.556442148955667e-13,1.601685100942551e-13,1.8849805698355872e-13,1.2576896095890472e-13,1.0891223596962874e-13,5.2355242240600533e-14,5.590454065997687e-13,2.068504234246316e-13,7.87477837645101e-14,1.4365182428505901e-13,3.2207502936330784e-13
Elementary flows/emission/water,Calcium,5408dd06-70db-3ce6-b304-c391983fd003,kg,ELEMENTARY_FLOW,False,3.5910338295220314e-08,3.2632999550372735e-08,3.343575511309721e-08,3.127358865297693e-08,3.1403179994873927e-08,3.13028890604617e-08,3.169372982783197e-08,3.47938049155614e-08,3.599173541042585e-08,3.228585906119973e-08,3.112844115311519e-08,3.1718740384434536e-08,3.097000984157272e-08,3.196214229561456e-08
Elementary flows/emission/water,Calcium carbonate,2849da1c-036f-3b74-a007-5a102cf375a1,kg,ELEMENTARY_FLOW,False,0.0,1.146526952977758e-12,0.0,0.0,0.0,0.0,0.0,3.680940150476134e-12,0.0,0.0,0.0,0.0,0.0,0.0
Elementary flows/emission/water,Chemical Oxygen Demand,924cc8cf-ddf6-3b1a-9fbe-489c095c1f01,kg,ELEMENTARY_FLOW,False,1.6747613194679502e-09,7.314752540064027e-10,1.0414158668562698e-09,1.9185147938788938e-09,1.974282541343083e-09,2.323480581549608e-09,1.5502639296445097e-09,1.3424831503205013e-09,6.453455841137472e-10,6.890952443888402e-09,2.5496970621525557e-09,9.706675461003047e-10,1.7706931815197592e-09,3.969988277348325e-09
Elementary flows/emission/water,Chloride,b415204e-1506-3fc6-8e4b-97f8e64403b8,kg,ELEMENTARY_FLOW,False,1.6368992399260334e-09,6.739439288362689e-10,1.1938963206486138e-09,1.0373900542180581e-09,1.8550461026576357e-09,3.49644551715446e-09,6.782522430190929e-10,7.666359160641097e-10,7.352510717996305e-10,3.905748380734545e-09,9.969128038931238e-10,1.0512639977841117e-09,1.216553633415417e-09,1.8194862397617406e-09
Elementary flows/emission/water,Chlorine,d94f94d7-2d65-3f80-8254-1c8129263b01,kg,ELEMENTARY_FLOW,False,1.1739452565470344e-06,8.459973565415632e-07,9.357872264467784e-07,7.145305167859673e-07,7.088678776466702e-07,6.782835405403466e-07,7.465643422667008e-07,1.0862559409545586e-06,1.214895100361409e-06,8.280538935288117e-07,6.879466823065902e-07,7.602860506620287e-07,6.740554195547212e-07,7.838195853836569e-07
Elementary flows/emission/water,Chromium,8a7ef355-2f16-3368-afc8-cf40ed441619,kg,ELEMENTARY_FLOW,False,2.4259410289351855e-13,1.0595634194063292e-13,1.508521513019748e-13,2.779025105839271e-13,2.8598063282690253e-13,3.3656299600387743e-13,2.2456028980879954e-13,1.9446263280377807e-13,9.348020593412352e-14,9.981747290044214e-13,3.6933111856180333e-13,1.4060404895717684e-13,2.564901152642612e-13,5.750644784100151e-13
Elementary flows/emission/water,Chromium(III),5905f568-b472-3e56-9f96-d41c33f34ef7,kg,ELEMENTARY_FLOW,False,8.888409917730688e-10,8.398832841923041e-10,8.487511258813908e-10,8.197422874533936e-10,8.206367575069845e-10,8.155821941905088e-10,8.280440755515109e-10,8.695673174401353e-10,8.868113214198822e-10,8.318976975682634e-10,8.191022127264806e-10,8.246462683051982e-10,8.160019674498772e-10,8.304236565104049e-10
Elementary flows/emission/water,Chromium(VI),53ebe715-1465-358f-9e31-ae55956903d1,kg,ELEMENTARY_FLOW,False,0.0,1.0692562383651863e-14,0.0,0.0,0.0,0.0,0.0,0.0,0.0,0.0,4.286348226658222e-16,0.0,0.0,0.0
Elementary flows/emission/water,Cobalt,7cbf7556-2b17-3cc2-97cf-5c9e24e50d65,kg,ELEMENTARY_FLOW,False,1.5966158728930698e-05,6.3932360830921646e-06,9.130584425222137e-06,2.568877145985394e-06,2.3589606574603693e-06,1.478728318676607e-06,3.4136872545738497e-06,1.356505225838517e-05,1.737034410720497e-05,6.005568132330264e-06,1.707517555195274e-06,3.9539117228806605e-06,1.3283531895786834e-06,4.582793853646942e-06
Elementary flows/emission/water,Copper(II),8f9298b9-3a83-3e30-a157-dd3f2eeebe93,kg,ELEMENTARY_FLOW,False,1.931545783548598e-17,2.460866151904625e-15,1.1322140537097349e-17,2.2406405964615085e-17,2.3131770068282744e-17,2.7535553702711532e-17,1.7736016330182012e-17,1.511451133756147e-17,6.329593246016904e-18,8.482190189330169e-17,6.417948066585528e-16,1.0422866847681902e-17,2.051777966496528e-17,4.821191299504311e-17
Elementary flows/emission/water,Cyanide,3b66fd84-6bf2-3a57-bd4c-f779d71fee69,kg,ELEMENTARY_FLOW,False,0.0,2.617008747108322e-13,0.0,0.0,0.0,0.0,0.0,0.0,0.0,0.0,0.0,0.0,0.0,0.0
Elementary flows/emission/water,Dissolved Organic Carbon,0950274b-38ce-3248-8f61-2dba9026bf8f,kg,ELEMENTARY_FLOW,False,4.295299690055495e-09,6.038841443219599e-07,4.0429072604663845e-09,3.855823506339229e-09,3.858549114030184e-09,3.829750469730391e-09,3.899280740711773e-09,4.181631663131805e-09,4.290700096978347e-09,3.979829970597782e-09,3.8498023997881686e-09,3.8839523539476996e-09,3.826234243600724e-09,3.938729251154177e-09
Elementary flows/emission/water,Fluoride,e8a4d121-c284-3073-ba8f-37f9253ff20a,kg,ELEMENTARY_FLOW,False,0.0,2.0424519883688335e-14,0.0,0.0,0.0,0.0,0.0,0.0,0.0,0.0,0.0,0.0,0.0,0.0
Elementary flows/emission/water,Hydrogen ion,f40da0f7-a3fe-3b8e-a7bf-fceaa1930e27,kg,ELEMENTARY_FLOW,False,0.0,7.672207475945716e-13,0.0,0.0,0.0,0.0,0.0,0.0,0.0,0.0,0.0,0.0,0.0,0.0
Elementary flows/emission/water,Hydrogen sulfide,448fcd9d-49f8-3144-bb84-df0fd1f8ab08,kg,ELEMENTARY_FLOW,False,0.0,0.0,0.0,0.0,0.0,0.0,0.0,0.0,0.0,0.0,1.3355232427384092e-15,0.0,0.0,0.0
Elementary flows/emission/water,Iodine,c60dcead-4e5d-3463-97d8-be23d09bc504,kg,ELEMENTARY_FLOW,False,1.0524006961637053e-05,4.171737318734214e-06,5.988598472977344e-06,1.6340722536026332e-06,1.4946065993750473e-06,9.105623694768963e-07,2.1943116250836255e-06,8.931325270308729e-06,1.1456582789861998e-05,3.915018946033584e-06,1.0621736811141986e-06,2.5533252479723857e-06,8.106745112233912e-07,2.9704062795469368e-06
Elementary flows/emission/water,Iron,2b61d376-c8c2-31ae-9c19-9b8b958c74dd,kg,ELEMENTARY_FLOW,False,2.103410932226892e-08,1.973677971081556e-08,1.998938660005304e-08,1.9236200841368598e-08,1.9257622173720093e-08,1.913986929023009e-08,1.9434778871365534e-08,2.0543490746021156e-08,2.098561287780527e-08,1.9668487650058824e-08,1.922156322404103e-08,1.935076791518327e-08,1.9127993756314308e-08,1.9555140281035126e-08
Elementary flows/emission/water,Lead(II),5d625d45-6ef9-3bd2-8484-54fbcf800fd6,kg,ELEMENTARY_FLOW,False,6.855027949783013e-14,3.02883180014302e-14,4.262658082475418e-14,7.852744376906248e-14,8.081009421673902e-14,9.510324929381971e-14,6.345443045358657e-14,5.494967796654982e-14,2.6414880526224384e-14,2.820561416983724e-13,1.0436260033810688e-13,3.973075495067428e-14,7.247690228279428e-14,1.624970691953852e-13
Elementary flows/emission/water,Lithium(I),1f62b25d-4dcb-3f81-8273-65dbbda19bac,kg,ELEMENTARY_FLOW,False,0.0,5.075714221161887e-13,0.0,1.3939003161282166e-13,0.0,0.0,0.0,1.5268433762482624e-13,0.0,0.0,0.0,0.0,0.0,1.5281764469082316e-13
Elementary flows/emission/water,Magnesium,1345e5a3-e4c5-3cc1-b896-988ae1796d8e,kg,ELEMENTARY_FLOW,False,2.1865427924537555e-11,6.0303195620544015e-12,1.578165639973669e-11,5.6311767466756435e-12,2.3881955315466888e-11,6.329697828761657e-11,1.0080380014611573e-12,1.357506160568247e-12,1.4658811887851644e-11,1.688339941380185e-11,5.64736035348468e-12,1.7225328216677673e-11,7.394376615112625e-12,2.4487767698684988e-12
Elementary flows/emission/water,Manganese,8f023abc-b8fc-3ef7-9571-f4cf6c2b6820,kg,ELEMENTARY_FLOW,False,3.568480562085603e-09,3.3381352999621027e-09,3.383735925429484e-09,3.243801181421983e-09,3.2464818615418884e-09,3.2231175257825922e-09,3.2798064151850063e-09,3.4831371532184257e-09,3.565937092428219e-09,3.305092765558889e-09,3.2378946681824044e-09,3.268504383601961e-09,3.224188406256112e-09,3.2937422313412747e-09
Elementary flows/emission/water,Mercury(II),c2b4ac05-015c-372b-9cb2-331cfc9c75c4,kg,ELEMENTARY_FLOW,False,0.0,1.3649585610615115e-18,0.0,0.0,0.0,0.0,0.0,0.0,0.0,0.0,0.0,0.0,0.0,0.0
Elementary flows/emission/water,Molybdenum trioxide,028e02ca-551e-37ae-865e-6b885f988a6c,kg,ELEMENTARY_FLOW,False,0.0,1.3033585536987586e-15,0.0,0.0,0.0,0.0,0.0,0.0,0.0,0.0,0.0,0.0,0.0,0.0
Elementary flows/emission/water,Nickel(II),e69aa915-002c-304e-9685-705bd8bb6706,kg,ELEMENTARY_FLOW,False,1.7402268267395778e-10,1.256741199779867e-10,1.3890905961257087e-10,1.0654455037085441e-10,1.0572456225730848e-10,1.0128685728847521e-10,1.1119728378292114e-10,1.6106978298019296e-10,1.7985616697471852e-10,1.240453823484886e-10,1.027480746866908e-10,1.1310843206292131e-10,1.0057553993536718e-10,1.1706856942901677e-10
Elementary flows/emission/water,Nitrate,3b5d9ccd-0ce5-37ca-8865-c0e1863b405d,kg,ELEMENTARY_FLOW,False,0.0,1.7851452227551316e-14,0.0,0.0,0.0,0.0,0.0,0.0,0.0,0.0,0.0,0.0,0.0,0.0
Elementary flows/emission/water,Nitrite,964aeb11-dbb5-34da-90dc-dc10ab5dfd99,kg,ELEMENTARY_FLOW,False,4.865112995330133e-12,1.932810761653725e-12,2.851782936296119e-12,5.643650684625283e-12,5.826352971941318e-12,6.935563282717383e-12,4.467288545179066e-12,3.806992624908936e-12,1.5942768024776549e-12,2.136465729699521e-11,7.625031656383485e-12,2.6252768834758004e-12,5.167949801321994e-12,1.2143455590837043e-11
Elementary flows/emission/water,Nitrogen,d4625608-6ef8-3ce6-bfa4-0f96f3535e23,kg,ELEMENTARY_FLOW,False,2.63939100102424e-10,5.609324872200101e-07,1.641250986246523e-10,3.0235416972160023e-10,3.111430573734317e-10,3.661759838079411e-10,2.4431855557877834e-10,2.1157271217060837e-10,1.0170519867282822e-10,1.0860005934853535e-09,4.018272575892385e-10,1.5297530199570963e-10,2.790577734601007e-10,6.256623682193576e-10
Elementary flows/emission/water,Orthophosphate,97a0c2f4-6a88-3db0-bd03-777cdd5eb249,kg,ELEMENTARY_FLOW,False,3.558867803869384e-13,1.6721906171831026e-13,2.2130087170695728e-13,4.0768439369926526e-13,4.1953504003540593e-13,4.937396235792924e-13,3.294310850494563e-13,2.852776694431062e-13,1.3713593662417094e-13,1.4643273943262773e-12,5.41810625707418e-13,2.0626685354631427e-13,3.7627230107294977e-13,8.436225089365219e-13
Elementary flows/emission/water,Phenol,82fcc18d-8502-385b-8749-17b8f19fd177,kg,ELEMENTARY_FLOW,False,1.820160845210481e-14,7.338103777146416e-15,1.066923552375445e-14,2.1114313295622085e-14,2.179784839546913e-14,2.5947682487125976e-14,1.6713247363415993e-14,1.4242914646618855e-14,5.964589548243946e-15,7.993054369067609e-14,2.8527156671924084e-14,9.821819546073191e-15,1.933459693003752e-14,4.543171435732289e-14
Elementary flows/emission/water,Phosphorus,1733622b-b54a-3202-8e58-4670a96ef6b3,kg,ELEMENTARY_FLOW,False,2.4797495862123867e-12,7.420001501684399e-09,1.541818975425696e-12,2.840731134262105e-12,2.923323485957197e-12,3.440455213840573e-12,2.2953776387821947e-12,1.987672222467568e-12,9.552741129890073e-13,1.020440705871886e-11,3.775434800373459e-12,1.4370452431707085e-12,2.621814511605914e-12,5.878768245167316e-12
Elementary flows/emission/water,Potassium,48c481d2-a5da-3974-9695-ab588b961a2c,kg,ELEMENTARY_FLOW,False,0.0,2.4317328597687823e-12,0.0,9.763645771569961e-13,0.0,0.0,3.2568244489308933e-12,4.704576658322557e-12,0.0,5.014739608426613e-11,1.126943723575969e-13,0.0,0.0,9.288413461547223e-12
Elementary flows/emission/water,Radium-226,643aef04-de1f-3c91-a4d8-71f164dbe30f,kBq,ELEMENTARY_FLOW,False,47541969.004218236,20327326.56515495,28095589.408559635,9453590.355996458,8862070.682609487,6358204.152906139,11865896.59380263,40697270.81223433,51509337.10850313,19209228.363565426,7014889.330645735,13385262.808558814,5933875.79432716,15179926.091194294
Elementary flows/emission/water,Radium-228,02ee8bfe-ea2c-3dfd-944d-53bd8c43a42a,kBq,ELEMENTARY_FLOW,False,0.0,22.869110075558204,0.0,3.169473201442022,0.0,0.0,0.0,0.0,0.0,0.0,0.0,0.0,0.0,0.0
Elementary flows/emission/water,Selenium,215fdef5-4bee-3402-b597-d0ae5c449b3b,kg,ELEMENTARY_FLOW,False,0.0,3.1261466530495204e-16,0.0,0.0,0.0,0.0,0.0,0.0,0.0,0.0,0.0,0.0,0.0,0.0
Elementary flows/emission/water,Silicon,97b782fe-3069-3b68-af8e-fcd559e47d11,kg,ELEMENTARY_FLOW,False,5.07088377251363e-13,5.02291305877621e-13,5.004902035345815e-13,1.2449756409637781e-12,5.764467107385136e-12,1.687805108892528e-11,5.028996975438694e-13,1.1093551373275634e-12,5.020968610780747e-13,4.983853708460991e-13,5.019110481913538e-13,4.993612706396503e-13,5.010031147167032e-13,5.01259991024764e-13
Elementary flows/emission/water,Silver,f3c908b3-a355-388d-aa06-adbfb8ce12dc,kg,ELEMENTARY_FLOW,False,0.0,2.958907220626335e-16,0.0,0.0,0.0,0.0,0.0,0.0,0.0,0.0,0.0,0.0,0.0,0.0
Elementary flows/emission/water,Sodium,ba614600-af03-39a6-a0f5-897debdf159c,kg,ELEMENTARY_FLOW,False,6.412184712454804e-10,1.9096530487168212e-10,3.761861142083041e-10,1.5964274247440157e-10,5.281580632637556e-10,1.1974760927603594e-09,8.310070441406438e-11,1.314983158259317e-10,2.793529809731668e-10,7.654868768762978e-10,6.376129734308258e-11,3.451620903186432e-10,3.0308882888787546e-10,2.426171482187144e-10
Elementary flows/emission/water,Strontium,42904b8f-ac78-3e54-8774-2d117b505a09,kg,ELEMENTARY_FLOW,False,0.0,1.245336440327398e-11,0.0,1.5017994429065155e-12,0.0,0.0,0.0,3.5361663649823046e-12,0.0,0.0,0.0,0.0,0.0,0.0
Elementary flows/emission/water,Strontium-87,5c2441ce-7ada-3cbb-8a85-be69e1d8d9c4,kBq,ELEMENTARY_FLOW,False,0.0,2300.2501785872296,0.0,4819.226209876881,0.0,0.0,0.0,2672.8807688329007,0.0,0.0,0.0,0.0,0.0,0.0
Elementary flows/emission/water,Sulfate,0c241f3e-aa86-3804-8bd8-6082e2ad201f,kg,ELEMENTARY_FLOW,False,5.31122375571706e-10,1.9506224738739692e-10,3.0119707501945276e-10,5.910661310447831e-10,6.154247337816543e-10,7.299337832986922e-10,4.743109574010965e-10,3.979699175719556e-10,1.8321507344976145e-10,2.2921202370417304e-09,8.191276005221054e-10,2.762496513885181e-10,5.403788347723929e-10,1.3165859114179498e-09
Elementary flows/emission/water,Sulfide,caa29242-717c-37bd-b57b-de22a122d579,kg,ELEMENTARY_FLOW,False,5.461083236390977e-14,2.0906804579043525e-14,3.2011227698475754e-14,6.334990816336073e-14,6.540073904739073e-14,7.785161087631973e-14,5.0145257899695296e-14,4.273344447479489e-14,1.7895737115530108e-14,2.39818010245293e-13,8.559088472476626e-14,2.9468700095960486e-14,5.801017171358515e-14,1.363101367278282e-13
Elementary flows/emission/water,Sulfite,192a68c2-1672-3f30-ae06-a52765311a5b,kg,ELEMENTARY_FLOW,False,5.326367175352892e-10,1.1500405942346118e-07,5.018636608446616e-10,4.778134684508317e-10,4.781000732152295e-10,4.741998766252628e-10,4.835560915242977e-10,5.188191263892026e-10,5.330103957359087e-10,4.886494810545821e-10,4.764919612145178e-10,4.821835348775108e-10,4.742771430209675e-10,4.862251529141795e-10
Elementary flows/emission/water,Sulfur,40909f94-a484-353e-9a4b-4ec6a1fb966f,kg,ELEMENTARY_FLOW,False,0.0,2.4479734653106215e-14,0.0,0.0,0.0,0.0,0.0,0.0,0.0,0.0,0.0,0.0,0.0,0.0
Elementary flows/emission/water,Sulfur dioxide,eaed4e59-d43d-3bc3-898e-53b3cf053ff8,kg,ELEMENTARY_FLOW,False,0.0,0.0,0.0,0.0,0.0,0.0,0.0,0.0,0.0,0.0,0.0,0.0,0.0,0.0
Elementary flows/emission/water,"Suspended solids, inorganic",f0c2682e-2a68-33f1-80bb-005ee7844eb0,kg,ELEMENTARY_FLOW,False,7.084163086131901e-07,1.257140099029859e-06,5.676926479297338e-07,4.3731916845323833e-07,4.340223411685439e-07,4.1600695223799374e-07,4.5625284522249027e-07,6.564919259303677e-07,7.322761163641856e-07,5.048345384296899e-07,4.2178185810893513e-07,4.6415948701063036e-07,4.1346426595069857e-07,4.784747529772628e-07
Elementary flows/emission/water,Thallium,6051a1f6-90e3-3231-b4e6-fdd69c961129,kg,ELEMENTARY_FLOW,False,0.0,9.467564263590155e-16,0.0,0.0,0.0,0.0,0.0,0.0,0.0,0.0,0.0,0.0,0.0,0.0
Elementary flows/emission/water,Tin,e169f5f8-18bf-33b2-94d6-7c95d5a83259,kg,ELEMENTARY_FLOW,False,0.0,5.673533083233018e-15,0.0,0.0,0.0,0.0,0.0,0.0,0.0,0.0,0.0,0.0,0.0,0.0
Elementary flows/emission/water,Titanium,0f2dc726-d62a-3a67-bf97-af90ef81af0a,kg,ELEMENTARY_FLOW,False,0.0,1.786388305474963e-15,0.0,0.0,0.0,0.0,0.0,0.0,0.0,0.0,0.0,0.0,0.0,0.0
Elementary flows/emission/water,Toluene,f7ebc6df-b3ee-30de-b6e8-c70e155854b3,kg,ELEMENTARY_FLOW,False,0.0,0.0,0.0,0.0,0.0,0.0,0.0,0.0,0.0,0.0,2.8613657434750214e-14,0.0,0.0,0.0
Elementary flows/emission/water,Total Organic Carbon,cbf6df8e-c4a2-3920-a97a-2238ccb7bc6c,kg,ELEMENTARY_FLOW,False,3.915850070240754e-09,3.524119576009041e-07,2.9448123305398935e-09,2.0323121745463827e-09,2.0068966877337837e-09,1.8820775455671422e-09,2.15925847999292e-09,3.563999966007312e-09,4.0940532813186716e-09,2.5039386752267905e-09,1.919092028615631e-09,2.222394990952694e-09,1.8634130747886806e-09,2.3160605815317065e-09
Elementary flows/emission/water,Water,96054103-8509-3049-a638-c4d13cc707cc,kg,ELEMENTARY_FLOW,False,3.830696499730386e-06,0.015606588769697177,2.2454390930994382e-06,4.443702118336526e-06,4.587558389133525e-06,5.460929276723032e-06,3.5174571710316337e-06,2.997552849591825e-06,1.2553029236349907e-06,1.6822120679231022e-05,6.003803427480217e-06,2.0670925789404772e-06,4.0691443824036036e-06,0.001558174900239769
Elementary flows/emission/water,Zinc(II),2b4bb267-4445-37a5-a505-b61d0daf2b3f,kg,ELEMENTARY_FLOW,False,1.4401154420276226e-08,1.4212682858231407e-08,1.417701768946239e-08,1.4127308953296444e-08,1.4157526195041581e-08,1.4130574478507762e-08,1.4213393280875977e-08,1.4231820834372965e-08,1.4267979565688999e-08,1.4100677174116441e-08,1.4176102738341815e-08,1.4116475661775937e-08,1.4148325806345602e-08,1.4173744405502628e-08
Elementary flows/emission/water,p-Dichlorobenzene,d7992b6b-6bb4-3abc-bf17-f5a66aefd8a2,kg,ELEMENTARY_FLOW,False,0.0,0.0,0.0,0.0,0.0,0.0,0.0,0.0,0.0,0.0,0.0,0.0,0.0,0.0
Elementary flows/resource/air,Carbon dioxide,58b5cd90-8ba4-32ea-b4aa-3a3438ba8419,kg,ELEMENTARY_FLOW,True,7.922277810228277e-08,3.4601648044910694e-08,4.926305448609308e-08,9.075327333789849e-08,9.339130649000397e-08,1.0990974319585144e-07,7.333356333857599e-08,6.350471764996473e-08,3.052737689557669e-08,3.259690739388379e-07,1.2061066985182404e-07,4.5916381469940726e-08,8.376073138071441e-08,1.8779601410005563e-07
Elementary flows/resource/air/subterranean,Natural gas,ad1bd08b-d640-3605-803e-988d109197e0,MJ,ELEMENTARY_FLOW,True,1.203596419589574,1.1970491978892357,1.1793449001232292,1.1947314346130329,1.1829285563786214,1.1968341763688772,1.1771407853288984,1.3308148034371416,1.1763743014813144,1.187826047119808,1.2274489691363804,1.2829734837129902,1.183015784017408,1.1832459897330296
Elementary flows/resource/ground,"Coal, anthracite",ab4d79b6-f2ad-3757-beae-17cba8a53f5a,MJ,ELEMENTARY_FLOW,True,0.00011449007777591584,4.98589248317979e-05,7.109662751108689e-05,0.0001311928123559312,0.00013501674274468039,0.00015894145580748684,0.00010595903205622435,9.172312151787499e-05,4.39608716544602e-05,0.00047182990201924787,0.0001744240816967546,6.624843551048678e-05,0.00012106163610424943,0.0002717367985562852
Elementary flows/resource/ground,"Coal, lignite",de2f54e4-dbbe-3850-a341-c6d921dbfdec,MJ,ELEMENTARY_FLOW,True,1.2015813165337806e-07,5.2480731940962286e-08,7.471786181172751e-08,1.3764657118728308e-07,1.4164770750678206e-07,1.6670141731037737e-07,1.1122588943891175e-07,9.631836205167352e-08,4.630123633527687e-08,4.944011790485802e-07,1.829316402934876e-07,6.964192296549768e-08,1.2704089947001076e-07,2.848324525691423e-07
Elementary flows/resource/ground,Dolomite,89cfcaa0-f8fe-3466-a9ea-1d5e1249b0cc,kg,ELEMENTARY_FLOW,True,1.8964209058681178e-07,8.282881552719571e-08,1.1792503198225415e-07,2.172435869539333e-07,2.2355846424031983e-07,2.631000070284121e-07,1.755445920332755e-07,1.5201647437452713e-07,7.307589702464447e-08,7.802990267344215e-07,2.8871569674374486e-07,1.0991382507312233e-07,2.0050496320150224e-07,4.4954279022914814e-07
Elementary flows/resource/ground,Iron ore,6fca43a7-13fb-315d-a184-8af7d40ff1d3,kg,ELEMENTARY_FLOW,True,5.593855249237506e-06,2.442583560916401e-06,3.4780202113814115e-06,6.40817791167978e-06,6.594495416247045e-06,7.761069195161703e-06,5.1779385067270725e-06,4.48379988900359e-06,2.1548606493745145e-06,2.3019541226965406e-05,8.516728013192571e-06,3.241665563561421e-06,5.9143325998869295e-06,1.3261543092633745e-05
Elementary flows/resource/ground,Limestone,13f50f4e-6aee-34f6-b3af-20503373f75d,kg,ELEMENTARY_FLOW,True,1.1119546262280345e-06,4.2495745860717794e-07,6.513083975055623e-07,1.290092028565639e-06,1.3319078594763651e-06,1.5856909734774073e-06,1.0209278425976387e-06,8.698538949665273e-07,3.635972767630936e-07,4.8868099521999015e-06,1.7433641842232125e-06,5.994801177970745e-07,1.181237707882005e-06,2.7771802269408862e-06
Elementary flows/resource/ground,Tin ore,59c96b15-6729-379b-a437-335ab9a86c84,kg,ELEMENTARY_FLOW,True,1.9538882060459407e-21,8.533877963408032e-22,1.214985177998983e-21,2.2382672595253766e-21,2.303329631566936e-21,2.710727345141208e-21,1.8086412512519244e-21,1.5662303420405816e-21,7.529031814660359e-22,8.039444517869776e-21,2.97464657251132e-21,1.132445470450354e-21,2.065808711773058e-21,4.6316529902397256e-21
Elementary flows/resource/ground,Uranium ore,4e1d73ac-fb6e-3b0d-80f1-5ccfc475385b,MJ,ELEMENTARY_FLOW,True,2.5449804364463922e-06,1.111555533048948e-06,1.5825437192423706e-06,2.9153901279532085e-06,3.0001352343939033e-06,3.5307793150998946e-06,2.355793226420576e-06,2.0400479245066427e-06,9.806722111532394e-07,1.0471545380418642e-05,3.874539653271042e-06,1.4750340161328118e-06,2.6907592464270925e-06,6.032825323421489e-06
Elementary flows/resource/ground,Zinc ore,d3c76f8b-9c55-331b-a21c-6910bcec2cfc,kg,ELEMENTARY_FLOW,True,3.575287032491625e-10,1.561556240783273e-10,2.2232186765485652e-10,4.095652905560092e-10,4.2147061115437027e-10,4.960175457180663e-10,3.309509516471488e-10,2.86593829394401e-10,1.377686283733021e-10,1.4710832300555836e-09,5.443103287095273e-10,2.0721848839543267e-10,3.7800827478032134e-10,8.475146543064697e-10
Elementary flows/resource/water,Crude oil,4aca0c2c-6e1a-3d90-956c-7141ca8932ce,MJ,ELEMENTARY_FLOW,True,9.119729925139857e-07,3.983168637773852e-07,5.670916407659703e-07,1.044706285855659e-06,1.07507400389971e-06,1.2652259843671877e-06,8.441792980706878e-07,7.310345431110951e-07,3.5141589234749556e-07,3.7523929221872263e-06,1.3884096991887116e-06,5.285664150844637e-07,9.642116406699051e-07,2.1618137745675866e-06
Elementary flows/resource/water,Water,e2eb491c-78ff-3123-9e42-494c7d199b44,kg,ELEMENTARY_FLOW,True,0.003102308175200042,0.003809723135717098,0.006137246200027727,0.006133958528477785,0.002207627078393146,0.002758871813664609,0.0008610363076764582,0.002726472559703832,0.0005690907450087548,0.014254253991325268,0.00015680166407598694,0.003070927807205494,0.005021637416126927,0.0034991469366654356
Elementary flows/resource/water,"Water, saline",67297f72-511b-3e86-b7e4-676437a75dbf,kg,ELEMENTARY_FLOW,True,0.0013175837576383806,0.0,0.0,0.0,0.0,8.293025505026012e-05,0.0,0.0006775220176975257,0.0006633315530455159,0.0,0.0,0.0,0.00015574154105826388,0.0
Technosphere Flows/22: Utilities,"Energy, Waste",4b070374-3d5d-4090-98ab-a0a33f485819,MJ,WASTE_FLOW,True,3.338165453991466e-07,1.2779584155401955e-07,1.956732205267125e-07,3.872353996278152e-07,3.9977139754747326e-07,4.758791373717675e-07,3.065200810102988e-07,2.612143084090686e-07,1.0939025982005495e-07,1.4659219835932405e-06,5.23186558778032e-07,1.8013165589356593e-07,3.5459549472528676e-07,8.332152610704356e-07
Technosphere Flows/22: Utilities/2212: Natural Gas Distribution,"natural gas, delivered",8a5b6ae2-63d7-4e5a-950e-7d1d8b0bea80,kg,PRODUCT_FLOW,True,1.447499609757558e-08,5.541499764695492e-09,8.484807426598753e-09,1.6791351344654127e-08,1.733493890335137e-08,2.0635132534061607e-08,1.3291363288022309e-08,1.1326808532905774e-08,4.743394555577713e-09,6.356549812859197e-08,2.2686483042836664e-08,7.810892096410362e-09,1.537601557834445e-08,3.6129987619438866e-08
Technosphere Flows/31-33: Manufacturing/3241: Petroleum and Coal Products Manufacturing,gasoline,189debce-0225-54df-7ec4-ec027d578288,kg,PRODUCT_FLOW,True,1.6484542874750747e-09,6.310819695270503e-10,9.662743317160315e-10,1.9122475011396774e-09,1.974152819504673e-09,2.3499883847352267e-09,1.513658770671373e-09,1.289929611283634e-09,5.401914473495217e-10,7.239022188276525e-09,2.5836020947845786e-09,8.895269109944309e-10,1.751064983613421e-09,4.114587154027681e-09
Technosphere Flows/31-33: Manufacturing/3241: Petroleum and Coal Products Manufacturing,liquefied petroleum gas,2b325037-62f4-4658-ab68-2aaf30da8ae6,kg,PRODUCT_FLOW,True,6.312313756459818e-12,2.416559214269133e-12,3.700088502877186e-12,7.322439147335111e-12,7.559488967692537e-12,8.998650506230207e-12,5.796150462461297e-12,4.939439626586334e-12,2.06851832661321e-12,2.771989474598443e-11,9.893211578894702e-12,3.406204830594214e-12,6.705233908213645e-12,1.575570841840194e-11
Technosphere Flows/31-33: Manufacturing/3241: Petroleum and Coal Products Manufacturing,petroleum coke,e6653400-5caf-43f6-b1f2-89b4c01ca58d,kg,PRODUCT_FLOW,True,1.854915138529747e-08,7.101219050010163e-09,1.0872954740031781e-08,2.1517471642557094e-08,2.221405821497955e-08,2.6443129562853253e-08,1.7032371413751483e-08,1.4514869971145491e-08,6.0784778868675326e-09,8.145674373387802e-08,2.9071856429173298e-08,1.0009358135495874e-08,1.9703773233705723e-08,4.629919105913559e-08
Technosphere Flows/31-33: Manufacturing/3241: Petroleum and Coal Products Manufacturing,residual oil,6aec53b7-c1e1-4f37-9997-bad469fa567b,kg,PRODUCT_FLOW,True,3.020972926674672e-10,1.156526789331771e-10,1.770803484230031e-10,3.5044028663315915e-10,3.617851138582006e-10,4.3066109519839297e-10,2.773945387000016e-10,2.3639372123400466e-10,9.899599582853356e-11,1.3266300565651204e-09,4.734733647724633e-10,1.6301554347489663e-10,3.2090182594305984e-10,7.540431355121164e-10
Technosphere Flows/56: Administrative and Support and Waste Management and Remediation Services/5622: Waste Treatment and Disposal,"Waste, solid",aab4c1d4-d871-40b1-8188-35999f9b751a,kg,WASTE_FLOW,False,1.544309895742095e-07,5.912121057707944e-08,9.052280210671063e-08,1.7914374463130202e-07,1.849431772559435e-07,2.201523175376779e-07,1.4180303549120776e-07,1.2084357319773058e-07,5.060637738489446e-08,6.781682504508707e-07,2.420377872744714e-07,8.333292719215724e-08,1.6404379562284694e-07,3.8546398933457444e-07
