PNAME,FRS_ID,EGRID_ID,TRI_ID1,TRI_ID2,TRI_ID3
48th Street Peaking Station,1.10041E+11,7258,49423HLLND491E4,,
A B Brown Generating Station,1.10045E+11,6137,47620SGCBB8511W,,
ABBK Biomass Plant,1.10056E+11,58613,6795WBNGBN143RD,,
ABC Coke,1.1E+11,56076,35217BCCKDRAILR,,
ACE Cogeneration Facility,1.1E+11,10002,93562CCGNR12801,,
AES Beaver Valley LLC,1.1E+11,10676,15061SBVRV394FR,,
AES Hawaii,1.10027E+11,10673,96707SHWNC91086,,
AES Shady Point LLC,1.10057E+11,10671,74951SSHDY3MILE,,
AES Warrior Run,1.10001E+11,10678,21502SWRRR11600,,
AG - Energy,1.10007E+11,10803,13669GNRGYSERVI,,
AG Processing Inc,1.10011E+11,10223,50533GPRCS500NO,,
Agua Fria Generating Station,1.10001E+11,141,85303GFRGN7302W,,
Air Products Port Arthur,1.10044E+11,55309,77640RPRDS1801S,,
Alabama River Pulp,1.10001E+11,10216,36470LBMRVOFFHI,,
Albeni Falls,1.10006E+11,851,8382WLBNFL2376E,,
Albright Power Station,1.10001E+11,3942,26519LBRGHRTE26,,
"Algonquin Power Windsor Locks, LLC",1.10025E+11,10567,0609WLGNQN26CAN,,
Allen,1.1E+11,3393,38109STVLL2574P,,
Allen B Wilson Combustion Turbine Plant,1.10033E+11,6258,30830STHRN8803R,,
Allen S King,1.1E+11,1915,55003SKNGG1103K,,
Alliant SBD 9205 A Y McDonald,1.1E+11,54710,52001YMCDN4800C,,
Alliant SBD 9206 Donaldson,1.1E+11,54718,52136DNLDS111DO,,
Alliant SBD 9502 Eaton,1.10011E+11,54968,50421TNCRP700LU,,
Alliant SBD0201 Penford Produc,1.1E+11,55996,52406PNFRD1001F,,
Alliant Techsystems,1.10001E+11,7376,55343HNYWL600SE,,
Alma,1.1E+11,4140,54610DRYLN500OL,,
Altavista Power Station,1.10002E+11,10773,24517LGWST104WO,,
Amalgamated Sugar LLC Nampa,1.1E+11,54690,83651MLGMTPOBOX,,
Amalgamated Sugar Twin Falls,1.1E+11,10504,83303MLGMTPOBOX,,
American Crystal Sugar Crookston,1.10001E+11,54212,56716MRCNCHIGHW,,
American Crystal Sugar Drayton,1.10022E+11,54213,58225MRCNCPOBOX,,
American Crystal Sugar East Grand Forks,1.10008E+11,54214,56721MRCNCHIGHW,,
American Crystal Sugar Hillsboro,1.10056E+11,54210,58045MRCNCHWY81,,
American Crystal Sugar Moorhead,1.1E+11,54211,56560MRCNC2500N,,
American Eagle Paper Mills,1.1E+11,50284,16686WSTVC1600P,,
Ames,1.10038E+11,1122,50010CTYFM200E5,,
Anclote,1.10008E+11,8048,34691FLRDP1729B,,
Androscoggin Energy,1.10064E+11,55031,04239NDRSCGATE1,,
Androscoggin Mill,1.10008E+11,54085,04239NTRNTRILEY,,
Angus Anson,1.10025E+11,7237,57103NGSNS71ERI,,
Anheuser-Busch Jacksonville,1.1E+11,10431,32218NHSRB111BU,,
Anheuser-Busch St Louis,1.1E+11,10430,63118NHSRBONEBU,,
Antelope Valley,1.1E+11,6469,58523NTLPV294CO,,
Apache Station,1.10044E+11,160,85606RZNLCHWY19,,
APS Saguaro Power Plant,1.10042E+11,118,85245RZNPBMILEP,,
APS West Phoenix Power Plant,1.10017E+11,117,85043RZNPB4606W,,
Arapahoe,1.1E+11,465,80223PBLCS2601S,,
ArcelorMittal Cleveland LLC,1.10012E+11,10398,44105SGCLV3060E,,
ArcelorMittal Warren,1.1E+11,54207,44481WRRNW1040P,,
Archer Daniels Midland Cedar Rapids,1.10011E+11,10864,52404DMCRN1350W,,
Archer Daniels Midland Clinton,1.1E+11,10860,52732DMCRN1251B,,
Archer Daniels Midland Co.,1.1005E+11,10865,62526DMCRN4666F,,
Archer Daniels Midland Co. - Peoria,1.1E+11,10866,61602RCHRDFOOTO,,
Archer Daniels Midland Columbus,1.1E+11,57046,68601MNNST3000E,,
Archer Daniels Midland Des Moines,1.10067E+11,10861,50316RCHRD1940E,,
Archer Daniels Midland Lincoln,1.10002E+11,10862,68507RCHRD78THA,,
Archer Daniels Midland Mankato,1.10013E+11,10863,56001RCHRD3RDHA,,
Archer Daniels Midland Southport,1.1E+11,54316,28461PFZRNEASTM,,
Arkwright,1.1E+11,699,31210RKWRG5241A,,
Armstrong Power Station,1.10001E+11,3178,16201RMSTRRD1ST,,
"Armstrong Power, LLC",1.10025E+11,55347,15774RMSTR2313S,,
Arvah B Hopkins,1.10011E+11,688,32304CTYFT1125G,,
Asbury,1.10057E+11,2076,64833SBRYG21133,,
Ascend Performance Materials Texas Inc.,1.10001E+11,10418,77511SLTNCFM291,,
Asheville,1.10001E+11,2706,28704SHVLL200CP,,
Ashtabula,1.1E+11,2835,44004FRSTN2133L,,
Astoria Gas Turbine Power,1.10002E+11,55243,11105STRGN18012,,
Astoria Generating Station,1.10002E+11,8906,11105STRGN18012,,
Atkinson,1.1E+11,700,30080MCDNG5551S,,
Aurora Energy LLC Chena,1.10041E+11,79,99701RRNRG1204F,,
Avon Lake Power Plant,1.1E+11,2836,44012FRSTN33570,,
Axiall Corporation Natrium Plant,1.10001E+11,50491,26155PPGNDSTATE,,
Axiall Plaquemine,1.10001E+11,55051,70765GRGGLHIGHW,,
B Braun Medical,1.10008E+11,50200,92714MCGWN2525M,,
B C Cobb,1.1E+11,1695,49445BCCBB151NC,,
B L England,1.1E+11,2378,08223BLNGL900NS,,
Bailly Generating Station,1.1E+11,995,46304NRTHR246BA,,
Baldwin Energy Complex,1.10012E+11,889,62217LLNSP1901B,,
Barney M. Davis,1.10002E+11,4939,78418BRNYM4301W,,
Barry,1.10001E+11,3,36512LBMPWUSHWY,,
BASF Freeport Works,1.1E+11,55311,77541BSFCR602CO,,
Baxter Wilson,1.1E+11,2050,39180NTRGY770KE,,
Bay Front,1.1E+11,3982,54806NRTHR122N1,,
Bay Shore,1.1E+11,2878,43616FRSTN4701B,,
Bayonne Energy Center,1.10044E+11,56964,07002BYNNN141HD,,
"Bayonne Plant Holding, LLC",1.1E+11,50497,07002CGNTC10HOO,,
Bayswater Peaking Facility,1.1002E+11,55699,11691BYSWT1425B,,
Bayway Refinery,1.10041E+11,56294,07036XXNXX1400P,,
Bear Garden Generating Station,1.10041E+11,56807,2312WBRGRD268CG,,
"Beaver Falls, LLC",1.10002E+11,10617,13305CHRSR3MAIN,,
Belews Creek,1.10001E+11,8042,27052DKNRGPINEH,,
Belle River,1.10017E+11,6034,48054DTRTD4505K,,
Bellefonte,1.10044E+11,6150,3575WSTVBL2744B,,
Bellemeade Power Station,1.10002E+11,50966,23224BLLMD1860C,,
Bellingham,1.1E+11,10307,02019NRTHS92DEP,,
Ben French,1.10012E+11,3325,57702BHPLB409DE,,
Bergen,1.10014E+11,2398,07657BRGNGVICTO,,
Berkshire Power,1.10002E+11,55041,01001BRKSH36MYL,,
Bethlehem Energy Center (Albany),1.1E+11,2539,12077NGRMHRTE14,,
Bethlehem Power Plant,1.10013E+11,55690,18015CNCTV2254A,,
Bethpage Energy Center,1.10002E+11,50292,11801TBGCG939SB,,
Big Bend,1.10008E+11,645,33572TMPLC13031,,
Big Brown,1.10001E+11,3497,75840BGBRW11MIE,,
Big Cajun 2,1.1E+11,6055,70760BGCJN9951C,,
Big Sandy,1.10001E+11,1353,41230BGSNDUS236,,
Big Stone,1.10011E+11,6098,57216BGSTN48450,,
Birchwood Power Facility,1.10001E+11,54304,22547BRCHW10900,,
Biron,1.10001E+11,3971,54494CNSLD621BI,,
Biron Mill,1.10001E+11,10234,54494CNSLD621BI,,
Black Dog,1.10017E+11,1904,55337BLCKD1400E,,
"Black River Generation, LLC",1.10008E+11,10464,13603FRTDR2NDST,,
Blacksand Generating Facility,1.10028E+11,56090,9282WSTRNS2TNNE,,
Blewett,1.10019E+11,2707,28091CRLNP2593P,,
Block Island,1.10002E+11,6567,02807BLCKS100OC,,
Blount Street,1.1E+11,3992,53703MDSNG717EM,,
Blue Lake Generating Plant,1.10009E+11,8027,55379BLLKG127TH,,
Blue Ridge Paper Products Inc.,1.1001E+11,50244,28716CHMPNMAINS,,
Blue Valley,1.10041E+11,2132,64051CTYFN21500,,
Boardman,1.1E+11,6106,97818BRDMN73334,,
Boise Cascade International Falls,1.1E+11,10486,56649BSCSCSECON,,
Boise Cascade Pulp & Paper Mill,1.1E+11,55044,36545BSCSC307WE,,
Bonanza,1.10016E+11,7790,84078BNNZP12500,,
Boswell Energy Center,1.10041E+11,1893,55721BSWLL1200N,,
Bowater Newsprint - Calhoun Operation,1.10057E+11,50956,37309BWTRSROUTE,,
Bowen,1.1E+11,703,30120BWNST317CO,,
Bowline Generating Station,1.10001E+11,2625,10993BWLNPSAMSO,,
BP Chemicals Green Lake Plant,1.10001E+11,50404,77979BPCHMTEXAS,,
BP Naperville Cogeneration Facility,1.10017E+11,50722,60566MCRSRWARRE,,
BP Whiting Business Unit,1.1E+11,52130,46394MCLCX2815I,,
Brainerd Public Utilities,1.10001E+11,50636,56401PTLTC1801M,,
Brame Energy Center,1.1E+11,6190,71447CLCCR275RO,,
Brandy Branch,1.10009E+11,7846,32234JBRND1MINU,,
Brayton Point,1.10028E+11,1619,02726SGNNWBRAYT,,
Bremo Power Station,1.10021E+11,3796,23022BRMPWRTE65,,
Bridgeport Harbor Station,1.1E+11,568,06604BRDGP1ATLA,,
Bristol Myers Squibb New Brunswick,1.1E+11,54829,08902RSQBBONESQ,,
Broad River Energy Center,1.10017E+11,55166,29340BRDRV1124V,,
Brooklyn Navy Yard Cogeneration,1.10009E+11,54914,11205BRKLYBROOK,,
Browns Ferry,1.10001E+11,46,35611STVBRSHAWR,,
Bruce Mansfield,1.10057E+11,6094,15077FRSTNOFFRT,,
"Brunner Island, LLC",1.10001E+11,3140,17370BRNNRWAGOR,,
Brunswick Cellulose,1.10067E+11,10605,31520BRNSWWEST9,,
Buck,1.10002E+11,2720,28146DKNRG1555D,,
Buckeye Florida LP,1.10057E+11,50466,32347BCKYCROUTE,,
Bucksport Generation LLC,1.10025E+11,50243,04416CHMPNMAINS,,
Bull Run,1.10044E+11,3396,37716STVBL1265E,,
Bunge North America East LLC,1.1E+11,50316,46733CNTRL1200N,,
Bunge Oil,1.10028E+11,52034,60915BNGFD885NK,,
Burlington (IA),1.1E+11,1104,52601LLNTN4282S,,
Burlington Generating Station,1.10001E+11,2399,08016BRLNGWBROA,,
Butler-Warner Generation Plant,1.10008E+11,1016,28301PBLCWSTATE,,
C D McIntosh Jr Power Plant,1.1E+11,676,33805CDMCN3030E,,
C P Crane,1.1E+11,1552,21220CPCRN1001C,,
C P Kelco San Diego Plant,1.10001E+11,52147,92113KLCDV2145E,,
Cabot Holyoke,1.10001E+11,9864,01040MTTMSRTE5S,,
Cabrillo Power I Encina Power Station,1.10001E+11,302,92008CBRLL4600C,,
Caithness Long Island Energy Center,1.10041E+11,56234,11980CTHNS5ZRNB,,
Caledonia,1.10017E+11,55197,3976WTVCLD255LN,,
Calhoun Energy Center,1.10014E+11,55409,36260CLHNN72GRE,,
Cambria Cogen,1.1E+11,10641,15931CMBRC243RU,,
"Camden Plant Holding, LLC",1.1E+11,10751,08104CMDNC570CH,,
Camden South Carolina,1.10001E+11,10795,29020DPNTCPOBOX,,
Cameo,1.10001E+11,468,81526PBLCS4MILE,,
Campbell Industrial Park,1.10046E+11,56329,9670WHCCMP91196,,
Canaday,1.10002E+11,2226,68850NBRSK74965,,
Canadys Steam,1.10044E+11,3280,29433CNDYSHWY61,,
Canal Station,1.1E+11,1599,02563CNLLC9FREE,,
Cane Island,1.10014E+11,7238,3384WCNSLN675LD,,
Cane Run,1.1E+11,1363,40216LSVLL5252C,,
Cape Canaveral,1.10001E+11,609,32780CPCNV6000U,,
Cape Fear,1.10001E+11,2708,27559CPFRS500CP,,
Cape Gas Turbine,1.1006E+11,1484,0410WFPLNR2CEAN,,
Capitol District Energy Center,1.10001E+11,50498,06106CPTLD490CA,,
Carbon,1.10001E+11,3644,84526PCFCRINTER,,
Cardinal,1.10001E+11,2828,43913CRDNL306CO,,
Cargill Corn Milling,1.1E+11,10729,38113CRGLL2330B,,
Cargill Corn Milling Division,1.10017E+11,10855,52553CRGLLRR1CO,,
Cargill Salt,1.10001E+11,54965,48079KZSLT916SO,,
Carl Bailey,1.10044E+11,202,72006RKNSSHWY33,,
Carneys Point,1.10017E+11,10566,08069CRNYS500SH,,
Carr Street Generating Station,1.10002E+11,50978,1305WCRRST64CAR,,
"Castleton Power, LLC",1.10002E+11,10190,12033TRNSC1902R,,
Caterpillar,1.1E+11,50935,47905CTRPL3701S,,
Cayuga,1.1E+11,1001,47928PSCYG3300N,,
"Cayuga Operating Company, LLC",1.1E+11,2535,14882SCYGL228MI,,
Cedar Bay Generating Co. LP,1.1E+11,10672,32218CDRBY9640E,,
Cedar Bayou,1.10016E+11,3460,77521CDRBY7705W,,
Cedar Bayou 4,1.10016E+11,56806,77521CDRBY7705W,,
Celanese,1.10001E+11,7678,79066HCHSTFIVEM,,
Celanese Acetate LLC,1.1E+11,52089,24124CNRGY352VI,,
Cellu Tissue Natural Dam,1.10008E+11,54878,13642CLLTS4921R,,
Central Power and Lime,1.1006E+11,10333,3460WFLRDP1311C,,
Centralia,1.1E+11,3845,98531CNTRL913BI,,
CF Industries Yazoo City Complex,1.10001E+11,10195,39194MSSSSHIGHW,,
Chalk Point,1.10006E+11,1571,20608CHLKP25100,,
Chalmette Refining LLC,1.10046E+11,50626,70143TNNCL500WE,,
Chamois Power Plant,1.10018E+11,2169,65024CHMSPSTATE,,
Charles Larsen Memorial Power Plant,1.10001E+11,675,33801CHRLS2002E,,
Charles Poletti,1.1E+11,2491,11105NWYRK31032,,
Charles R Lowman,1.10057E+11,56,36548CHRLSCARSO,,
Charter Dura-Bar,1.10002E+11,54540,60098DRBRP1800W,,
Chehalis Generation Facility,1.10056E+11,55662,98532CHHLS1813B,,
Cherokee,1.10001E+11,469,80216PBLCS6198F,,
Chesapeake Energy Center,1.1E+11,3803,23323CHSPK2701V,,
Chesterfield Power Station,1.1E+11,3797,23836CHSTR500CO,,
Cheswick,1.10057E+11,8226,15024CHSWCPITTS,,
Chillicothe,1.10006E+11,2122,64601CHLLC1301W,,
Chino Mines,1.10028E+11,54667,88043CHNMN210CO,,
Cholla,1.10017E+11,113,86032CHLLPOLDUS,,
Chouteau Power Plant,1.10002E+11,7757,74362CHTPWMIDAM,,
CII Carbon LLC,1.10003E+11,54677,70043CHLMT7CKEP,,
CITGO Refinery Powerhouse,1.10001E+11,52175,70602CTGPTHIGHW,,
Clearwater Paper APP CB,1.10012E+11,50638,71654PTLTCHIGHW,,
Clearwater Paper IPP Lewiston,1.10054E+11,50637,83501PTLTC805MI,,
Cleary Flood,1.1E+11,1682,02780TNTNM1314S,,
Cliffside,1.10006E+11,2721,28024DKNRGDUKEP,,
Clifty Creek,1.1E+11,983,47250CLFTY1335C,,
Clinch River,1.10001E+11,3775,24225MRCNLJUNCT,,
Clover Power Station,1.10007E+11,7213,24534CLVRPRTE92,,
Coal Creek,1.1E+11,6030,58576GRTRV28753,,
Coffeen,1.10001E+11,861,62739MRNCR134CI,,
Co-Gen LLC,1.10002E+11,50921,97869PRRWD457FR,,
Cogentrix-Hopewell,1.10001E+11,10377,23860JMSRV912ER,,
Cogentrix-Portsmouth,1.1E+11,10071,23703CGNTR1WILD,,
Colbert,1.1E+11,47,35674STVCL900CO,,
Coleman,1.1E+11,1381,42348CLMN04982R,,
Coleto Creek,1.10001E+11,6178,77960CLTCRFMRD2,,
Collins,1.1E+11,6025,60450CLLNS4200P,,
Collins Pine Project,1.10002E+11,10661,96020CLLNS500MA,,
Colorado Energy Nations Company,1.1006E+11,10003,80401TRGNN2510T,,
Colstrip,1.10042E+11,6076,59323MNTNPWILLO,,
Colstrip Energy LP,1.10042E+11,10784,59323RSBDPPOBOX,,
Columbia,1.10018E+11,2123,65205CLMBM1501B,53901CLMBNW8385,
Colver Power Project,1.10001E+11,10143,15927CLVRP141IN,,
Comanche (470),1.1E+11,470,81006PBLCS2005L,,
"Combined Locks Energy Center, LLC",1.10017E+11,55558,54113PPLTN540PR,,
Commerce Refuse To Energy,1.1001E+11,10090,90040CMMRC5926S,,
Commonwealth Chesapeake,1.10002E+11,55381,23415CMMNW3415W,,
Concord,1.10017E+11,7159,53094CNCRDN8914,,
Conemaugh,1.10001E+11,3118,15944CNMGHRTE20,,
Conesville,1.10001E+11,2840,43811MRCNL47201,,
Conoco,1.10016E+11,7185,74603CNCPN1000S,,
Coolwater Generating Station,1.10001E+11,329,92327CLWTR37000,,
Cope Station,1.10002E+11,7210,29038STHCR405TE,,
Coronado Generating Station,1.10017E+11,6177,85936CRNDG7MINE,,
Corpus Christi,1.1E+11,50475,78410CCPCC1501M,,
Corpus Refinery,1.10001E+11,50026,78410KCHRFSUNTI,,
Cottage Grove Cogeneration,1.1E+11,55010,55016LSPCT95251,,
Covanta Niagara,1.10002E+11,50472,14304CCDNT56THS,,
Coyote,1.1E+11,8222,58523TTRTL62401,,
Coyote Springs,1.1E+11,7350,97818CYTSP200UL,,
Coyote Springs II,1.1E+11,7931,97818CYTSP200UL,,
CPI USA North Carolina Roxboro,1.1E+11,10379,27573CGNTR331AL,,
CPI USA North Carolina Southport,1.10044E+11,10378,28461CGNTR1281C,,
Craig,1.10041E+11,6021,81626TRSTT2201R,,
Crawford,1.1E+11,867,60623CRWFR3501S,,
Crawfordsville Power Plant,1.10017E+11,1024,47933CRWFR700LA,,
Crayola Solar Project,1.1E+11,57216,18044BNNYS1100C,,
Crestwood Dothan,1.1001E+11,54985,36303DMCNR517DR,,
Crist Electric Generating Plant,1.10003E+11,641,32514GLFPW11999,,
Cromby,1.10001E+11,3159,19460CRMBYTOWNA,,
Cross,1.1E+11,130,29436CRSSG553CR,,
Croydon Generating Station,1.1E+11,8012,19380CRYDN955RI,,
Crystal River,1.10017E+11,628,34428FLRDP15760,,
CSL Behring LLC,1.10001E+11,54790,60915RMRPHRT50A,,
Cumberland,1.1E+11,3399,37050STVCM815CU,,
Cumberland Energy Center,1.10024E+11,5083,0833WCMBRL41EAS,,
Cunningham,1.10002E+11,2454,88240STHWS13MIL,,
Curtis H. Stanton Energy Center,1.10025E+11,564,32831STNTN5100S,,
Cutrale Citrus Juices USA I,1.1E+11,10020,32748CCCLF11CLO,,
Cutrale Citrus Juices USA II,1.1E+11,10188,33823CCCLF602MC,,
D B Wilson,1.10001E+11,6823,42350WLSNSHWY85,,
Dahlberg (Jackson County),1.10021E+11,7765,30565DHLBR585JA,,
Dallman,1.10057E+11,963,62707CTYWT3100S,,
Dan E Karn,1.10001E+11,1702,48732DKRNJNWEAD,,
Dan River,1.1E+11,2723,27288DKNRG900SE,,
Daniel Electric Generating Plant,1.10041E+11,6073,39552MSSSSHWY63,,
Danskammer Generating Station,1.10052E+11,2480,12550DNSKM594RI,,
Dartmouth Power,1.1E+11,52026,02747DRTMT1ENER,,
Dave Johnston,1.10013E+11,4158,82637PCFCR1591T,,
Dean H Mitchell,1.10001E+11,996,46401NRTHRCLARK,,
Debary,1.10012E+11,6046,32713FLRDP176WH,,
Decker Creek,1.10002E+11,3548,78724DCKRC83DEC,,
Decorative Panels Intl,1.1E+11,10149,49707BTBPR416FO,,
Deepwater,1.1E+11,2384,08070DPWTR373NB,,
Deerhaven,1.1E+11,663,32653GNSVL10001,,
Delaware Generating Station,1.1E+11,3160,19125DLWRG1325B,,
Dell Power Plant,1.10044E+11,55340,7242WCDLLP31EAS,,
Delta (MS),1.10011E+11,2051,38732NTRGY3964H,,
DeRidder Mill,1.10006E+11,10488,70634BSSTHUSHIG,,
Desoto County Energy Park,1.10006E+11,55422,34266PRGRS3800R,,
Devon,1.10031E+11,544,06460DVNSTNAUGA,,
Dickerson,1.1E+11,1572,20842DCKRS21200,,
Dighton,1.10002E+11,55026,02715DGHTN1450S,,
Dillard Complex,1.10044E+11,50396,97470RSBRGHIGHW,,
Dolet Hills Power Station,1.1E+11,51,71052CLCCR963PO,,
Dolphus M Grainger,1.1E+11,3317,29526GRNGR1605M,,
Dominguez Plant,1.1E+11,52064,90746STFFR20720,,
Domino Sugar Arabi Plant,1.1001E+11,54512,70032MSTRS7417N,,
Domino Sugar Baltimore,1.10001E+11,54795,21230MSTRS1100K,,
Domtar - Woodland Mill,1.10013E+11,10613,04694GRGPCMILLA,,
Domtar Kingsport Mill,1.1E+11,10252,37662MDPPRPOBOX,,
Domtar Paper Co LLC Plymouth NC,1.10014E+11,50189,27962WYRHSTROWB,,
Domtar Paper Company Rothschild,1.1E+11,50190,54474WYRHS200GR,,
"Domtar Paper Company, LLC",1.1E+11,54638,15845PNNTC100CE,,
Doswell Limited Partnership,1.10017E+11,52019,23005DSWLL10098,,
Douglas Dam,1.10007E+11,3400,37725STVDG850PO,,
Dover,1.10041E+11,2914,44622DVRLG303EB,,
Dow Chemical Texas Operation,1.10008E+11,52120,77541THDWCBUILD,,
Dry Fork Station,1.1004E+11,56609,8271WBSNLC1246N,,
DSM Pharmaceuticals,1.10001E+11,54887,27835BRRGHINTER,,
"DTE Stoneman, LLC",1.10002E+11,4146,53806JSTNM716JA,,
DTE Tuscola Plant,1.10001E+11,55245,61953QNTMCROUTE,,
Dublin Mill,1.1E+11,54004,31040STHSTSHADD,,
Dubuque,1.1E+11,1046,52001DBQPW920KE,,
Duck Creek,1.1E+11,6016,61520CLCDC17751,,
Duluth Paper Mill,1.1E+11,50424,55807LKSPR100NO,,
E C Gaston,1.10001E+11,26,35186LBMCL31972,35186LBMPWHWY25,
E D Edwards,1.1E+11,856,61607DDWRD7800S,,
E F Barrett,1.10001E+11,2511,11558FBRRTMCCAR,,
E S Joslin,1.10002E+11,3436,77978MRCNLFM159,,
E W Brown,1.10001E+11,1355,40310KNTCKCURDS,,
Eagle Point Power Generation,1.10046E+11,50561,08093GLPNTUSRPO,,
Earl F Wisdom,1.10011E+11,1217,51301WSDMG33651,,
East Bend,1.10006E+11,6018,41091CGGSTRT338,,
East Millinocket Mill,1.1E+11,55830,04462GRTNR1KATA,,
East River,1.1E+11,2493,10009CNSLD801E1,,
Eastlake,1.1E+11,2837,44095FRSTN10ERI,,
Eastman Chemical Company,1.10001E+11,50481,37662TNNSSEASTM,,
Ebensburg Power Company,1.1E+11,10603,15931BNSBR2840N,,
Eckert Station,1.1E+11,1831,48901LNSNG601IS,,
Eddystone Generating Station,1.10001E+11,3161,19022DDYSTNO1IN,,
Edge Moor,1.1E+11,593,19809DGMRH200HA,,
"Edgecombe Genco, LLC",1.10023E+11,10384,27809CGNTRRTE2S,,
Edgewater (4050),1.1E+11,4050,53082DGWTR3739L,,
Edison,1.10001E+11,2400,08817PBLCSSILVE,,
Edward L Addison Generating Plant,1.10002E+11,55267,30286LPSCR95YAM,,
Eel River Power,1.10023E+11,50049,95565PLCXX125MA,,
"EFS Parlin Holdings, LLC",1.10002E+11,50799,08859CLPNP970WA,,
Eielson AFB Central Heat & Power Plant,1.10041E+11,50392,99702LSNRF2258C,,
El Centro,1.10003E+11,389,92243LCNTR485EV,,
Elizabeth River Combustion Turbine Sta,1.10002E+11,52087,23323CMMNW2837S,,
Elkton,1.1E+11,52148,22827MRCKCHIGHW,,
Elmer Smith,1.10057E+11,1374,42303LMRSM4301U,,
Elrama Power Plant,1.10057E+11,3098,15038LRMPWPARTE,,
Emery Station,1.10016E+11,8031,50428MRYGN11295,,
Encogen Generating Station,1.1E+11,7870,98225NCGNN915CO,,
Enderlin,1.1E+11,54908,58027NRTHR55251,,
Endicott Generating,1.10017E+11,4259,49252MCHGN720HE,,
Engineered Carbons Borger Cogen,1.10041E+11,10072,79007JMHBRHIGHW,,
Engineered Carbons Echo Cogeneration,1.1E+11,10187,77630JMHBRFM736,,
Enterprise Products Operating,1.10057E+11,10261,77580NTRPR10207,,
Equilon Los Angeles Refining,1.10038E+11,50530,90744TXCRF2101E,,
Equus  Power I,1.10019E+11,56032,11520QSFRP289BU,,
Ergon Refining Vicksburg,1.1E+11,54918,39181RGNRFPOBOX,,
Erickson,1.10041E+11,1832,48917LNSNG3725S,,
Erie Coke,1.10044E+11,50920,16512RCKCRFOOTO,,
Escalante ,1.10001E+11,87,87045PLNSSCOUNT,,
Escanaba,1.1E+11,1771,49829PPRPN2000P,,
Escanaba Mill,1.10017E+11,10208,49829MDPBLCOUNT,,
"Essential Power Lakewood, LLC",1.1E+11,54640,08701LKWDC123EN,,
"Essential Power Newington Energy, LLC",1.10021E+11,55661,03801CNDNW99OLD,,
Essex,1.10002E+11,2401,07102PBLCS155RA,,
Everett Cogen,1.10028E+11,7627,98201SCTTP2600F,,
Evonik Industries AG,1.1E+11,54835,47905LLLLYLILLY,,
Exelon Edgar LLC,1.10024E+11,1585,02191FRRVR9BRID,,
Exelon L Street Generating Station,1.1E+11,1587,02127NWBST776SU,,
Exelon Laporte Generating Station,1.1E+11,55365,77571RPRDCROUTE,,
Expera Specialty Solutions - Mosinee Mill,1.1E+11,50614,54455MSNPP100MA,,
ExxonMobil Baytown Refinery,1.10001E+11,10436,77522XXNBY2800D,,
ExxonMobil Baytown Turbine,1.1E+11,10692,77522XXNCH3525D,,
Exxonmobil Beaumont Refinery,1.10042E+11,50625,77701BMNTREASTE,,
Exxonmobil Oil Corporation,1.10001E+11,50627,60434MBLJLINTER,,
ExxonMobil Oil Torrance Refinery,1.1E+11,50624,90509MBLLC3700W,,
F B Culley Generating Station,1.1E+11,1012,47630SGCFB3711D,,
F J Gannon,1.1E+11,646,33619TMPLC3602P,,
Fair Station,1.10028E+11,1218,52761FRSTT3800H,,
Fairbanks Morse Engine,1.10001E+11,56937,53511CLTND701LA,,
Fairless Hills Generating Station,1.10005E+11,7701,19030FRLSS990SS,,
Faribault Energy Park,1.1002E+11,56164,55021MNNST41PAR,,
Fermi,1.10001E+11,1729,48166DTRTD6400N,,
Fernandina Beach Mill,1.10001E+11,10202,32034CNTNRNORTH,,
Ferndale Generating Station,1.1E+11,54537,98248TNSKW5105L,,
Finch Paper,1.1E+11,10511,12801FNCHP1GLEN,,
FirstEnergy R E Burger,1.1E+11,2864,43947FRSTN57246,,
Fisk,1.1E+11,886,60608FSKGN1111W,,
Flambeau River Papers,1.1E+11,50620,54552FLMBP200NO,,
Flint Creek Power Plant,1.1E+11,6138,72734FLNTC21797,,
Flint River Operations,1.10057E+11,50465,31068BCKYCOLDST,,
Florida's Natural Growers,1.10017E+11,10275,33853CTRSW650US,,
Fore River Energy Center,1.10024E+11,55317,02191FRRVR9BRID,,
Formosa Plastics,1.10001E+11,54518,70805FRMSPGULFS,,
Formosa Utility Venture Ltd,1.10019E+11,10554,77978FRMSPPOBOX,,
Fort Churchill,1.1E+11,2330,89447FRTCH1000S,,
Fort Greely Power Plant,1.10013E+11,54834,99737SRMYFRICHB,99737SRMYFRICHA,99731DYNTL611E5
Fort Martin Power Station,1.10044E+11,3943,26541FRTMRRTE53,,
Fort Myers,1.1E+11,612,33916HFSCN3052M,,
Fortistar North Tonawanda Inc,1.10002E+11,54131,1412WFRTST17ERI,,
Four Corners Steam Elec Station,1.10042E+11,2442,87416FRCRNCOUNT,,
Fox Energy Center,1.10023E+11,56031,54130FXNRGN231E,,
Fox Lake,1.1E+11,1888,56171LLNTN84412,,
Frank E Ratts,1.1E+11,1043,47567FRNKR6825N,,
Fredonia Generating Station,1.10002E+11,607,9827WFRDNG1385B,,
Freeport McMoRan,1.10042E+11,54734,88065PHLPSHWY90,,
Freeport Power Plant No. 2,1.10019E+11,2679,11520QSFRP289BU,,
French Island,1.1E+11,4005,54603NRTHR200SB,,
Frito-Lay Cogen Plant,1.10001E+11,10110,93312FRTLY22801,,
Fusion Paperboard Connecticut LLC,1.1E+11,54657,06383FDRLPINLAN,,
G G Allen,1.1E+11,2718,28012DKNRG253PL,,
Gadsden,1.1E+11,7,35903LBMPW1000G,,
Gallatin,1.1E+11,3403,37066STVGL1499S,,
Gay Robinson,1.10001E+11,50333,96747LKLSGKAUMA,,
Geismar,1.10001E+11,10319,70734BSFCRRIVER,,
Gen J M Gavin,1.10044E+11,8102,45620MRCNL7397N,,
General Electric Aircraft,1.1E+11,10029,01910GNRLL1000W,,
General Electric Great Falls Upper Hydro,1.1E+11,10059,03878GNRLL130MA,,
General Mills Inc,1.10019E+11,54564,14203GNRLM54SOU,,
General Mills Operations Lodi,1.1E+11,10031,95241GNRLM2000W,,
General Mills West Chicago,1.10028E+11,54924,60185GNRLM704WW,,
Genoa,1.1E+11,4143,54632DRYLNS4651,,
George Neal North,1.10001E+11,1091,51101GRGNL11512,,
George Neal South,1.1E+11,7343,51101GRGNL2761P,,
Georgia-Pacific Brewton Mill,1.10041E+11,54789,36426CNTNRHIGHW,,
Georgia-Pacific Cedar Springs,1.10057E+11,54101,31732GRTSTHIGHW,,
Georgia-Pacific Consr Prods LP-Naheola,1.10017E+11,10699,36916JMSRVROUTE,,
Georgia-Pacific Corp - Nekoosa Mill,1.10041E+11,50395,54457NKSMLMARKE,,
Georgia-Pacific Crossett,1.1E+11,10606,71635GRGPCPAPER,,
Georgia-Pacific Monticello Paper,1.10017E+11,10610,39654GRGPCSANDI,,
Georgia-Pacific Port Hudson,1.10012E+11,10612,70791GRGPCZACHA,,
Georgia-Pacific Wauna Mill,1.10028E+11,56192,97016JMSRVWAUNA,,
Gerald Andrus,1.1E+11,8054,38702NTRGYSTATE,,
Gerald Gentleman Station,1.10001E+11,6077,69165GRLDGSHWY2,,
Gerald Whelan Energy Center,1.10002E+11,60,68901WHLNNEHWY6,,
Germantown Power Plant,1.10005E+11,6253,53022GRMNTN96W1,,
Ghent,1.10001E+11,1356,41045KNTCKUS42P,,
Gibbons Creek Steam Electric Station,1.10008E+11,6136,77830GBBNS25MIL,,
Gibson,1.10001E+11,6113,47670PSNRGHWY64,,
Gilbert Generating Station,1.10001E+11,2393,08848GLBRT315RI,,
Gilberton Power Company,1.10021E+11,10113,17931GLBRT50ELE,,
Gillette SBMC,1.1E+11,54225,02106THGLLGILLE,,
Gilman Mill,1.10001E+11,10608,05904GRGPCRIVER,,
Glen Lyn,1.10001E+11,3776,24093GLNLYRTE46,,
Glenwood Landing Energy Center,1.10007E+11,7869,11547GLNWDSHORE,,
Goldendale Generating Station,1.10041E+11,55482,9862WGLDND6INDU,,
Gordon Evans Energy Center,1.10002E+11,1240,67030GRDNV6001N,,
Gordonsville Power Station,1.1E+11,54844,22942GRDNS115RE,,
Gorgas,1.1E+11,8,35580LBMPW460GO,,
Gould Street,1.1002E+11,1553,21230GLDST2105G,,
Gowanus Generating Station,1.1001E+11,2494,11232GWNSG29THS,,
"GP Big Island, LLC",1.1E+11,50479,24526NKSPCHIGHW,,
Grand River Dam Authority,1.10001E+11,165,74337GRNDR3MIEO,,
"Grand Tower Energy Center, LLC",1.10042E+11,862,62942MRNCR1820P,,
Grant Town Power Plant,1.10008E+11,10151,26574MRCNBRTE17,,
"Graphic Packaging International, Inc.",1.1E+11,10698,49007JMSRV243EA,,
Gravel Neck Combustion Turbine,1.10002E+11,7032,23883VRGNL52085,,
Grays Ferry Cogen Partnership,1.10001E+11,54785,19146TRGNP2600C,,
Green Bay West Mill,1.10014E+11,10360,54307FRTHW1919S,,
Green River,1.10008E+11,1357,42330KNTCKUS431,,
Greene County,1.10001E+11,10,36732LBMPWHWY43,,
Greenidge Generation LLC,1.1E+11,2527,14441SGRND590PL,,
Greens Bayou,1.10002E+11,3464,77049GRNSB12070,,
Greenwood,1.1E+11,6035,48006DTRTD7000K,,
H B Robinson,1.10044E+11,3251,29550HBRBN3512L,,
H F Lee Steam Electric Plant,1.1E+11,2709,27530HFLST1677O,,
H L Spurlock,1.10012E+11,6041,41056SPRLCRTE8X,,
H W Pirkey Power Plant,1.1E+11,7902,75650HWPRK2400F,,
Hamakua Energy Plant,1.10008E+11,55369,96727HMKNR45300,,
Hamilton Hydro,1.10044E+11,7807,45011CTYFH960NT,,
Hamilton Municipal Power Plant,1.10044E+11,2917,45011CTYFH960NT,,
Hammond,1.10057E+11,708,30129HMMND5963A,,
Hampton Facility,1.10001E+11,10108,03842FSSMN380LA,,
Hanford Energy Park Peaker,1.10041E+11,55698,93230HNFRD10596,,
Harbor Beach,1.1E+11,1731,48441DTRTD755NH,,
Hardee Power Station,1.10065E+11,50949,33834HRDPW6695N,,
Hardin Generating Station,1.10038E+11,55749,59034HRDNGSUGAR,,
Harllee Branch,1.10001E+11,709,31061BRNCHUSHWY,,
Harrington Station,1.10042E+11,6193,79108STHWSNLAKE,,
Harrison Power Station,1.10001E+11,3944,26366HRRSNRTE20,,
Hartwell Energy Facility,1.10007E+11,70454,30643HRTWL415SM,,
Hatfield's Ferry Power Station,1.10017E+11,3179,15461HTFLDRD1BO,,
Havana,1.10001E+11,891,62644HVNPWSTRTE,,
Haverhill North Cogeneration Facility,1.10055E+11,56848,4562WHVRHL2446G,,
Hawthorn,1.10017E+11,2079,64120HWTHR8700H,,
Hay Road,1.1E+11,7153,19809DGMRH200HA,,
Hayden,1.10012E+11,525,81639PBLCS12795,,
Healy,1.10001E+11,6288,99743HLYPW25MIL,,
Heat Recovery Coke Facility,1.10067E+11,55066,46312NLNDS3210W,,
Henderson,1.10002E+11,2062,38930GRNWDRIVER,,
Hennepin Power Station,1.10006E+11,892,61327LLNVCRR1XX,,
Henry D King,1.10002E+11,658,34950HDKNG311NI,,
High Bridge,1.1E+11,1912,55102HGHBR501SH,,
Hines Energy Complex,1.10001E+11,7302,33830PRGRS77CUN,,
HMP&L Station 2,1.10001E+11,1382,42452RDGRN9000H,,
Hoffmann LaRoche,1.10002E+11,10123,07512HFFMN970RI,,
Holcomb,1.1001E+11,108,67851HLCMB2440H,,
Holtsville Facility,1.10042E+11,8007,11742HLTSV180AM,,
Homer City,1.1E+11,3122,15748MHMRC1750P,,
Honolulu,1.10027E+11,764,96813HNLLG170AL,,
Hookers Point,1.1E+11,647,33605TMPLC1700H,,
Hoot Lake,1.1E+11,1943,56537TTRTL1012W,,
Hoover Company,1.10002E+11,55536,79912HVRCL7850H,,
Hopewell Cogeneration Facility,1.1E+11,10633,23860HPRWL1114H,,
Hopewell Mill,1.10013E+11,50813,23860STNHP910IN,,
Hopewell Power Station,1.1E+11,10771,23860LGWST107TE,,
Horseshoe Lake,1.10021E+11,2951,73045KLHMG1981N,,
Houston Chemical Complex Battleground,1.10001E+11,50043,77571CCDNT1800V,,
Houston Plant,1.1E+11,52065,77012STFFR8615M,,
Howard M Down,1.10001E+11,2434,08362VNLND211NW,,
Hudson Generating Station,1.10041E+11,2403,07306HDSNGDUFFI,,
Hugo,1.10001E+11,6772,74735WSTRNHWY70,,
Humboldt Bay,1.10001E+11,246,95503PGHMB1000K,,
Hunlock Creek Energy Center,1.1E+11,3176,18621GTLTSUSRTE,,
Hunter,1.10001E+11,6165,84513PCFCR3MILE,,
Hunters Point,1.10001E+11,247,94124PCFCG1000E,,
Hunterstown Combined Cycle,1.10022E+11,55976,17325RLNTN1731H,,
Huntington,1.1002E+11,8069,84528PCFCR10MIL,,
Huntley Power,1.1E+11,2549,14150CRHNT3500R,,
Hutchinson Energy Center,1.10002E+11,1248,67504HTCHNE30K1,,
Iatan,1.10043E+11,6065,64098TNGNR20250,,
Imperial Savannah LP,1.10041E+11,50146,31407SVNNHOXNAR,,
Indeck-Corinth Energy Center,1.1E+11,50458,12822NDCKC24WHI,,
Indeck-Olean Energy Center,1.10002E+11,54076,14760NDCKL140MO,,
Indeck-Silver Springs Energy Center,1.10002E+11,50449,14550NDCKS1INDE,,
Independence,1.1E+11,6641,72562NRGYN555PO,,
Indian Orchard Plant 1,1.1E+11,10417,01151MNSNT730WO,,
Indian Point 2,1.10033E+11,2497,10511CNSLDBROAD,,
Indian River,1.10001E+11,594,19966NDNRVRTE33,,
Indian River (55318),1.1007E+11,55318,32780CCTSNUS1KI,,
"Indiantown Cogeneration, LP",1.10002E+11,50976,34956NDNTW19140,,
Ingredion Incorporated Argo Plant,1.10017E+11,54556,60501CRNPR6400A,,
Ingredion Stockton,1.10017E+11,52115,95206CRNPR1021I,,
Ingredion Winston Salem,1.10001E+11,54618,27107CRNPR4501O,,
Inland Paperboard Packaging Rome,1.10054E+11,10426,30162NLNDR238MA,,
Intercession City,1.10006E+11,8049,33848FLRDP6525O,,
Intermountain,1.1E+11,6481,84624NTRMN850BR,,
International Paper - Orange,1.10038E+11,10425,77630NLNDROLDHI,,
International Paper Augusta Mill,1.1E+11,54358,30913FDRLPHIGHW,,
International Paper Georgetown Mill,1.1E+11,54087,29442NTRNTKAMIN,,
International Paper Pensacola,1.10036E+11,50250,32533CHMPN375MU,,
International Paper Riegelwood Mill,1.1001E+11,54656,28456FDRLPRIEGE,,
International Paper Savanna Mill,1.10001E+11,50398,31402NNCMPWESTL,,
International Paper Texarkana Mill,1.10008E+11,54097,75504NTRNTPOBOX,,
International Paper Valliant OK,1.10001E+11,50192,74764WYRHSHIGHW,,
International Paper-Courtland Mill,1.10001E+11,50245,35618CHMPNPOBOX,,
International Paper-Eastover Mill,1.10044E+11,52151,29044NNCMPROUTE,,
International Paper-Franklin Mill,1.10001E+11,52152,23851NNCMPHIGHW,,
International Paper-Prattville Mill,1.10012E+11,52140,36067NNCMP100JE,,
International Paper-Riverdale Mill,1.10002E+11,54096,36701HMMRMRIVER,,
Interstate Paper LLC Riceboro,1.10059E+11,54281,31323NTRSTONEIN,,
Inver Hills,1.10002E+11,1913,55077NVRHL31851,,
IP Springfield Oregon,1.10046E+11,50191,97478WYRHS785N4,,
IPL - Eagle Valley Generating Station,1.1E+11,991,46151NDNPL4040B,,
IPL - Harding Street Station (EW Stout),1.1E+11,990,46217NDNPL3700S,,
IPL - Petersburg Generating Station,1.10037E+11,994,47567NDNPLRRTE1,,
Irvington Generating Station,1.1E+11,126,85714RVNGT3950E,,
J B Sims,1.1E+11,1825,49417GRNDH1231N,,
J C McNeil,1.10005E+11,589,05401JSPHC111IN,,
J C Weadock,1.10001E+11,1720,48732DKRNJNWEAD,,
J D Kennedy,1.1E+11,666,32206KNNDY4215T,,
J E Corette,1.1001E+11,2187,59107MNTNP301CH,,
J H Campbell,1.1E+11,1710,49460JHCMP17000,,
J K Spruce,1.1E+11,7097,78263WSMMR9599G,,
J L Bates,1.10008E+11,3438,78572JLBTS412MI,,
J M Stuart,1.10001E+11,2850,45144DYTNP745US,45144RSHGS315US,
J R Kelly,1.10002E+11,664,32601GNSVL605SE,,
J R Whiting,1.10002E+11,1723,48157JRWHT4525E,,
J T Deely,1.1E+11,6181,78263WSMMR9599G,,
J Woodruff,1.10042E+11,690,3232WWDRFFPBX96,,
Jack McDonough,1.1E+11,710,30080MCDNG5551S,,
Jamaica Bay Peaking,1.1002E+11,56141,11691BYSWT1425B,,
James De Young,1.10001E+11,1830,49423HLLND64PIN,,
James H Miller Jr,1.10044E+11,6002,35130LBMPW4250P,,
James River,1.1E+11,2161,65804JMSRV5701K,,
Jasper County Generating Facility,1.1002E+11,55927,29927JSPRG1719P,,
Jefferies,1.10002E+11,3319,29461JFFRSPOWER,,
Jeffrey Energy Center,1.10006E+11,6068,66536JFFRY25905,,
Jim Bridger,1.10008E+11,8066,82942JMBRD9MILE,,
John Deere Dubuque Works,1.10011E+11,54414,52004JHNDRHWY38,,
John Deere Harvester Works,1.10041E+11,10039,61244JHNDR11001,,
John E Amos,1.10042E+11,3935,25213JHNMS1530W,,
John S. Cooper,1.10014E+11,1384,42519CPRPW1247S,,
John Sevier,1.10001E+11,3405,37857STVJHOLDHW,,
John Twitty Energy Center,1.10055E+11,6195,65619STHWSWALNU,,
Johnson County Generation Facility,1.1E+11,54817,76031TNSKV831SP,,
Johnsonville,1.1E+11,3406,37134STVJH535ST,,
Joliet 29,1.10001E+11,384,60436JLTGN1800C,,
Joliet 9,1.10044E+11,874,60436JLTGN1601S,,
Jones Station,1.10005E+11,3482,79404STHWS2MIEO,,
Joppa Steam,1.10044E+11,887,62953LCTRC2100P,,
Kahe,1.1E+11,765,96792KHGNR89900,,
Kahului,1.1E+11,6056,96732KHLGN200HO,,
Kalaeloa Cogen Plant,1.10041E+11,54646,96707KLLCG91111,,
Kanawha River,1.10001E+11,3936,25086MRCNLRTE60,,
Kanoelehua,1.1E+11,769,96720HLLGN54HAL,,
Kapaia Power Station,1.10016E+11,56258,96766KPWRP4941K,,
"KapStone Charleston Kraft, LLC",1.10017E+11,7737,29411WSTVC5600A,,
KapStone Paper and Packaging Corp,1.10037E+11,50254,27870CHMPNNORTH,,
Kaukauna Paper Mill,1.1E+11,54098,54130THLMNTHILM,,
Keahole,1.10028E+11,8083,96740HWNLC73424,,
Kearny Generating Station,1.10006E+11,2404,07032KRNYGHACKE,,
Kemper County,1.10013E+11,7960,39328STVKM221MA,,
Kendall Green Energy LLC,1.1E+11,1595,02142CMBRD265FI,,
Keystone,1.10001E+11,3136,15774KYSTNRTE21,,
KIAC Cogeneration,1.10008E+11,54114,1143WCLPNJKENNE,,
Killen Station,1.10001E+11,6031,45144DYTNP14869,,
Kimberly-Clark Tissue Company,1.10001E+11,50410,19013SCTTPFRONT,,
Kincaid Generating Station,1.10001E+11,876,62540KNCDG4MILE,,
Kingsburg Cogen Facility,1.10001E+11,10405,93631KSKNG11765,,
Kingston,1.1E+11,3407,37763STVKNSWANP,,
Kleen Energy Systems Project,1.10038E+11,56798,06457KLNNR1349R,,
Knox Lee Power Plant,1.10032E+11,3476,75603MRCNLRT6BO,,
Koda Biomass Plant,1.1004E+11,57119,5537WKDNRG9753R,,
Kraft,1.10038E+11,733,31407SVNNHCROSS,,
Kyger Creek,1.1E+11,2876,45631HVLLY5758O,,
Kyocera America Project,1.1001E+11,10720,92123KYCRM8611B,,
Kyrene Generating Station,1.1001E+11,147,85282KYRNG7005S,,
L V Sutton,1.1E+11,2713,28401LVSTT801SU,,
La Cygne,1.10001E+11,1241,66040LCYGNRR1BO,,
La Palma,1.10001E+11,3442,78586MRCNL34MIL,,
Labadie,1.1E+11,2103,63055LBDPWNO10L,,
Ladysmith Combustion Turbine Sta,1.10033E+11,7839,22580LDYSM863CE,,
LaFarge Alpena,1.10016E+11,50305,49707LFRGCFORDA,,
Lagoon Creek,1.10007E+11,7845,38012STVLG615EL,,
Lake Hubbard,1.10036E+11,3452,7518WLKHBB555BA,,
Lake Road,1.10014E+11,2098,64504STJSP1413L,,
Lake Road Generating Company,1.10013E+11,55149,06241LKRDG56ALE,,
Lake Shore,1.1E+11,2838,44103FRSTN6800S,,
Lakefield Junction Generating,1.10009E+11,7925,56176LKFLD21592,,
Lansing,1.10016E+11,1047,52151LNSNG2320P,,
Lansing Smith Generating Plant,1.10001E+11,643,32409GLFPW4300H,,
Laramie River,1.1E+11,6204,82201LRMRV347GR,,
Laredo,1.10008E+11,3439,78041LRDPW7300C,,
Laskin Energy Center,1.10007E+11,1891,55705LSKNN5699C,,
Lauderdale,1.10002E+11,613,33004FLRDPGRIFF,,
Lawrence Energy Center,1.1E+11,1250,66044LWRNC1250N,,
Leaf River Cellulose LLC,1.10057E+11,10233,39462LFRVRHWY29,,
Lederle Laboratories,1.1E+11,10521,10965LDRLLNORTH,,
Leland Olds,1.10001E+11,2817,58571LLNDL3901H,,
L'Energia Energy Center,1.10002E+11,54586,01852LWLLP2TANN,,
Lewis & Clark,1.1002E+11,6089,59270LWSCLSOFSI,,
Lieberman Power Plant,1.10002E+11,1417,71060MRCNL11730,,
Limestone,1.10001E+11,298,75846LMSTNFM39A,,
Lincoln,1.10001E+11,7277,28164DKNRG6769O,,
Lincoln Paper & Tissue,1.1E+11,54587,04457LNCLNKATAH,,
Linden Generating Station,1.10001E+11,2406,07036LNDNGWOODA,,
Lockport,1.1E+11,54041,14094LCKPR5706U,,
Logan Generating Plant,1.10001E+11,10043,08014PGCRPRTE13,,
Logansport,1.10002E+11,1032,4694WLGNSP8THAN,,
Lon C Hill,1.10001E+11,3440,78410LNCHL3501C,,
Lon D Wright Power Plant,1.10041E+11,2240,68025CTYFF2701E,,
Longview Fibre,1.1E+11,54562,98632LNGVWSOUTH,,
Longview Power,1.10041E+11,56671,2654WLNGVW1375F,,
Los Angeles Refinery Wilmington,1.1E+11,54451,90748NCLLS1660W,,
Louisa,1.1E+11,6664,52761LSGNR86021,,
Louisa Generation Facility,1.10014E+11,7837,22942LDDMN3352K,,
Louisiana Sugar Refining,1.1E+11,10301,70052CLNLS129FI,,
Lovett,1.10001E+11,2629,10993LVTTGSAMSO,,
Luke Paper Company,1.10007E+11,50282,21540WSTVC300PR,,
Maalaea,1.1001E+11,6504,96793MLGNRNKIHE,,
Magnolia Facility,1.10009E+11,55451,38603STVBN352HW,,
Manatee,1.1E+11,6042,34219FPLMN19050,,
Manchester Street,1.1E+11,3236,02903SGNNW40POI,,
Manitowoc,1.1E+11,4125,54221MNTWC1303S,,
Mankato Energy Center,1.10025E+11,56104,56001MNKTN1FAZI,,
Mansfield Mill,1.1E+11,54091,71052NTRNTHWY50,,
Marathon Electric,1.10014E+11,50990,54401MRTHN100ER,,
March Point Cogeneration,1.10002E+11,54268,98221MRCHP655ST,,
Marion,1.10017E+11,976,62959STHRN11543,,
MARS Chocolate North American LLC,1.1E+11,10061,07840MMMRSHIGHS,,
Mars Snackfood US,1.10028E+11,54855,60635MMMRS2019N,,
Marsh Run Generation Facility,1.10007E+11,7836,22734LDDMN1219L,,
Marshall,1.10012E+11,55232,42029STVMR6264I,28682DKNRG8320E,
Marshall (MO),1.10001E+11,2144,65340MRSHL765WN,,
Martin,1.10008E+11,6043,34956MRTNPSR710,,
Martin Drake,1.1001E+11,492,80903MRTND700SC,,
Martin Lake,1.10044E+11,6146,75691MRTNL8850F,,
Martinez Refining,1.1E+11,54912,94553SHLLL3485P,,
Martinez Sulfuric Acid Regeneration Plt,1.1E+11,52063,94553STFFR100MO,,
"Martins Creek, LLC",1.1E+11,3148,18013MRTNS6605F,,
Marysville,1.1E+11,1732,48040DTRTD301GR,,
MASSPOWER,1.1E+11,10726,01151MSSPW750WO,,
Mayo,1.10057E+11,6250,27573MYLCT10660,,
McClellan,1.1E+11,203,71701RKNSS1625B,,
McClure,1.10008E+11,151,95357MCCLR639SM,,
McIntosh (6124),1.10001E+11,6124,31326SVNNHHWY27,,
McKee Run,1.10003E+11,599,19904DFDPR880BU,,
McManus,1.1E+11,715,31520MCMNS1CRIS,,
McMeekin,1.1E+11,3287,29212MCMKN2000N,,
McWilliams,1.10021E+11,533,36420MCWLLHWY29,,
Mead Rumford Cogen,1.10058E+11,10491,04276BSCSCROUTE,,
"MeadWestvaco Coated Board, LLC",1.1001E+11,54802,36868MDCTDALABA,,
MeadWestvaco Evadale,1.10001E+11,50101,77656PLPPPPOBOX,,
"MeadWestvaco of Virginia, Covington",1.10001E+11,50900,24426WSTVCRIVER,,
Mecklenburg Power Station,1.1E+11,52007,23927MCKLN204CO,,
Medical Area Total Energy Plant,1.10001E+11,10883,02215DVNCD474BR,,
Menasha,1.10013E+11,4127,54952MNSHT198RI,,
Menominee Acquisition,1.1E+11,52017,49858MNMNP144FI,,
Meramec,1.10002E+11,2104,63129MRMCP8200F,,
Mercer Generating Station,1.10001E+11,2408,08611MRCRGLAMBE,,
Merck & Company - West Point,1.10011E+11,52149,19486MRCKSSUMNE,,
Merck Rahway Power Plant,1.1E+11,10224,07065MRCKC126EL,,
Meridian,1.10002E+11,7719,39309SNVYN429AL,,
Merom,1.10001E+11,6213,47882MRMGNHWY54,,
Merrimack,1.1E+11,2364,03304PBLCS97RIV,,
Miami Fort Power Station,1.10001E+11,2832,45202CGMMF10800,,
Michigan City Generating Station,1.10001E+11,997,46360NRTHRWABAS,,
Michoud,1.10001E+11,1409,70129NTRGY3601P,,
Middletown,1.1E+11,562,06457MDDLT1866R,,
Mid-Georgia Cogeneration,1.1E+11,55040,31047MDGRG200OA,,
Midulla Generating Station,1.10036E+11,7380,33834SCPYN6697N,,
Miki Basin,1.10002E+11,7264,96763MLCTR1001N,,
Milford Power Company LLC,1.10013E+11,55126,06460MLFRD55SHE,,
Mill Creek,1.1E+11,1364,40272LSVLL14660,,
Mill Creek Combustion Turbine Sta,1.1001E+11,7981,29702DKNRG317EL,,
Mill Creek Generating Station,1.10044E+11,56908,5971WDVGTS241UN,,
Millennium Power Partners,1.10002E+11,55079,01507MLLNN10SHE,,
Milton L Kapp,1.10011E+11,1048,52732LLNTN2001B,,
Milton R Young,1.1E+11,2823,58530MLTNR34012,,
Milwaukee County,1.1E+11,7549,53226MLWKC9250W,,
Mint Farm Generating Station,1.10036E+11,55700,9863WMNTFR12PRU,,
Mitchell (GA),1.1E+11,727,31705MTCHL5200R,,
Mitchell (WV),1.10014E+11,3948,26041KMMRPRTE2X,,
Mitchell Power Station,1.1001E+11,3181,15067MTCHL50ELE,,
MMSD Jones Island Wastewater,1.10014E+11,54851,53207JNSSL700EA,,
MMSD South Shore Wastewater,1.1E+11,55525,53154STHSH8500S,,
Mohave,1.1E+11,2341,89029MHVGN2600E,,
Monroe,1.1E+11,1733,48161DTRTD3500E,,
Mont Belvieu Cogeneration Unit,1.10055E+11,57322,77580DYNGY1319H,,
Monticello,1.10001E+11,6147,75455MNTCLOFFFM,,
"Montour, LLC",1.1E+11,3149,17821MNTRS18MCM,,
Montrose,1.10002E+11,2080,64735MNTRS400SA,,
Montville,1.1E+11,546,06382MNTVL74LAT,,
Morgantown,1.1E+11,1573,20664MRGNT12620,,
Morgantown Energy Facility,1.1E+11,10743,26505MRGNT555BE,,
Morton Salt Rittman,1.10002E+11,54335,44270MRTNS151SI,,
Mosaic Co Bartow Facility,1.10008E+11,50633,33830WRGRCHIGHW,,
Mosaic Co Tampa Facility,1.10057E+11,10204,33534GRDNRHIGHW,,
Mosaic New Wales Operations,1.10057E+11,10434,33860MCFRTHIGHW,,
Mosaic Phosphates Uncle Sam,1.10006E+11,10198,70792GRCCHEASTB,,
Mosaic South Pierce Operations,1.10057E+11,10004,33860GRCCHSTATE,,
Motiva Enterprises Port Arthur Refinery,1.1E+11,50973,77640TXCRFNORTH,,
Mount Storm Power Station,1.10008E+11,3954,26739MTSTRHC76B,,
Mount Tom,1.10001E+11,1606,01040MTTMSRTE5S,,
Mountain Creek Generating Station,1.10016E+11,3453,75211XLNCR2233A,,
Mountaineer (1301),1.10001E+11,6264,25265RSHGSRT62G,,
"MPC Generating, LLC",1.10006E+11,7764,30655MPCGN28CHE,,
Mt Poso Cogeneration,1.1E+11,54626,93308MTPSC36157,,
Mt. Carmel Cogeneration,1.10007E+11,10343,17832FSTRWMARIO,,
Mulberry Cogeneration Facility,1.10017E+11,54426,33830MLBRR3600H,,
Murphy-Brown LLC,1.10017E+11,55002,28398MRPHYCARRO,,
Murray Gill Energy Center,1.10002E+11,1242,67214MRRYG6100W,,
Muscatine,1.1E+11,1167,52761MSCTN1700I,,
Muskingum River,1.10001E+11,2872,45715MRCNLCOUNT,,
Muskogee,1.10001E+11,2952,74434MSKGG5501T,,
Muskogee Mill,1.1E+11,10362,74403FRTHW5600E,,
Mystic,1.1E+11,1588,02129MYSTC173AL,,
NA 5,1.10001E+11,7253,45750GRSCHRTE7S,,
NAFTA Region Olefins Complex Cogen Fac,1.10006E+11,55122,77643BSFFNNEOFI,,
Nalco,1.10011E+11,50326,60563NLCCHONENA,,
Narrows Generating Station,1.10008E+11,2499,11232NRRWS53RDS,,
Naughton,1.10042E+11,4162,83101NGHTN5MISO,,
Navajo Generating Station,1.10028E+11,4941,86040NVJGN5MIOF,,
NC Renewable Power - Elizabethtown,1.1E+11,10380,28337CGNTR3100W,,
NC Renewable Power - Lumberton LLC,1.10007E+11,10382,28358CGNTRSR220,,
Nearman Creek,1.1E+11,6064,66104NRMNC4240N,,
Nebraska City Station,1.10001E+11,6096,68410MHPBLRR3XX,,
Neenah Paper Munising Mill,1.1E+11,54867,49862KMBRL601EM,,
Neil Simpson,1.10001E+11,4150,82716NLSMP13151,,
Neil Simpson II (CT2),1.10001E+11,55477,82716NLSMP13151,,
Nelson Dewey,1.10001E+11,4054,53806NLSND11999,,
Nelson Industrial Steam Company,1.10003E+11,50030,70669NTRGY3500H,,
Neosho,1.10008E+11,1243,67857NSHNR23652,,
New Boston Generating Station,1.1E+11,1589,02127NWBST776SU,,
New Castle,1.1001E+11,3138,16103FRSTN1EWAS,,
New Haven Harbor,1.10001E+11,6156,06506NWHVN1WATE,,
New Madrid Power Plant,1.10001E+11,2167,63869NWMDRSTJUD,,
New Ulm,1.10009E+11,2001,56073NWLMP310FI,,
Newark America Mill,1.10014E+11,57103,01420NWRKM1NEWA,,
Newark Bay Cogen,1.10002E+11,50385,07105NWRKB41446,,
Newington,1.10045E+11,8002,03801NWNGT165GO,,
Newman,1.10002E+11,3456,79934NWMNP4900S,,
Newman (PA),1.10001E+11,54250,19135NWMNN6101T,,
Newton,1.1E+11,6017,62448MRNCR6725N,,
"Niagara Generation, LLC",1.10002E+11,50202,14304CHRSR5300F,,
Nichols Station,1.10042E+11,3484,79108STHWSNLAKE,,
NIH Cogeneration Facility,1.10001E+11,56668,20892NTNLN9000R,,
Niles,1.10009E+11,2861,44446FRSTN1047B,,
Nissequogue Energy Center,1.1002E+11,54149,11790NSSQG299SU,,
Noblesville,1.1E+11,1007,46060PSNBL21225,,
Noranda Alumina LLC,1.1E+11,50846,70052KSRLMAIRLI,,
North Branch (WV),1.10002E+11,7537,26720NRTHB2000E,,
North Omaha Station,1.10041E+11,2291,68112MHPBL7475P,,
North Pole,1.10064E+11,6285,9970WGLDNV119HH,,
North Valmy,1.1E+11,8224,89438NRTHVI80EX,,
Northampton Generating Plant,1.10007E+11,50888,18067NRTHM1HORW,,
Northeast Station,1.1E+11,1961,55912STNTL37011,,
Northeastern,1.10001E+11,2963,74053NRTHSJCTHW,,
Northeastern Power Company,1.10001E+11,50039,18237NRTHSRTE30,,
Northport,1.10001E+11,2516,11768NRTHPWATER,,
Norton Powerhouse,1.1E+11,50041,01615NRTNC1NEWB,,
NRG Dunkirk Power,1.1E+11,2554,14048NGRMH106PO,,
NRG Energy Center Dover,1.1E+11,10030,19904FRSTS1280W,,
Nucla,1.1E+11,527,81424TRSTT30739,,
O H Hutchings,1.1E+11,2848,45342DYTNP9200C,,
O W Sommers,1.1E+11,3611,78263WSMMR9599G,,
Ocean State Power,1.1E+11,51030,02830CNSTT1575S,,
Ocean State Power II,1.1007E+11,54324,0283WCNSTT1575S,,
Ocotillo Power Plant,1.1001E+11,116,85281RZNPB1500E,,
Oklahoma Cogeneration Project,1.10002E+11,50558,73128PWRSM2308S,,
Oklaunion Power Station,1.1E+11,127,76384KLNNP12567,,
Old Hickory Plant,1.1E+11,10797,37138DPNTL1002I,,
Oleander Power Project,1.10009E+11,55286,32926LNDRP555TO,,
OLS Energy Camarillo,1.10017E+11,50851,93010LSNRG1947W,,
OLS Energy Chino,1.1E+11,50850,91708LSNRG5601E,,
Orrville,1.1001E+11,2935,44667CTYFR1100P,,
Osage (WY),1.10007E+11,4151,82713BHPLS3363H,,
Osceola,1.10007E+11,55192,34773RLNTNUSHWY,,
Oswego Harbor Power,1.1E+11,2594,13126NGRMH261WA,,
"Otsego Paper, Inc.",1.1E+11,55799,49078MNSHC320NF,,
Ottumwa,1.1E+11,6254,52501TTMWG20775,,
Oxnard,1.1E+11,50464,93030PRCTR800NO,,
P H Glatfelter Company,1.10017E+11,50397,17362PHGLT228SO,,
P H Glatfelter Company - Chillicothe Fac,1.1E+11,10244,45601MDCRP401SP,,
P L Bartow,1.10001E+11,634,33702FLRDPWEEDO,,
Packaging Corporation of America,1.10017E+11,50296,38326TNNSSHIGHW,,
Packaging of America Tomahawk Mill,1.1E+11,50476,54487NKSPCN9090,,
Painesville,1.1E+11,2936,44077CTYFP325RI,,
Palaau Power,1.10008E+11,792,96748MLCTR32AUL,,
Panduit Tinley Park,1.1E+11,54932,60477PNDTC17301,,
Panther Creek Energy Facility,1.1003E+11,50776,18240PNTHRRTE54,,
Par Sterile Products,1.10028E+11,50318,48063WRNRL870PA,,
Paradise,1.1E+11,1378,42337STVPR13246,,
Paris,1.10042E+11,7270,53182PRSGN35517,,
Park 500 Philip Morris USA,1.10008E+11,50275,23831PHLLP4100B,,
Pasadena,1.10044E+11,10638,77506RPRDC1423H,,
Paulsboro Refining Company LLC,1.10022E+11,50628,08066MBLLCBILLI,,
Pawnee,1.10001E+11,6248,80723PBLCS14940,,
"Pawtucket Power Associates, LP",1.10028E+11,54056,02860PWTCK181CO,,
PCS Phosphate,1.10001E+11,50509,27806TXSGLHIGHW,,
Pearl Station,1.10018E+11,6238,62361SYLNDHWY10,,
Pebbly Beach,1.10002E+11,6704,90704PBBLY1PEBB,,
Pedricktown Cogeneration Plant,1.10001E+11,10099,08067PDRCK143US,,
Pella,1.10013E+11,1175,50219PLLMN519OS,,
Pensacola Florida Plant,1.10027E+11,10416,32533MNSNT3000O,,
Perryman,1.1E+11,1556,21130PRRYM900CH,,
Pfizer Groton Plant,1.1E+11,54236,06340PFZRNEASTE,,
Phil Sporn,1.10016E+11,3938,25265MRCNLSTATE,,
Philadelphia Refinery,1.1E+11,52106,19145TLNTC3144P,,
Phillips 66 Billings Refinery,1.10044E+11,56496,59101CNCBL401SO,,
Phillips 66 Carbon Plant,1.1E+11,50388,94572TSCSF2101F,,
Phillips 66 Rodeo Refinery,1.1E+11,50119,94572NCLSNOLDHI,,
Picway,1.1E+11,2843,43137MRCNL9301U,,
Pine Bluff Mill,1.10013E+11,10627,71601PNBLF2700H,,
Pine Grove,1.10001E+11,56690,17963GLDMLPENND,,
Pinelawn Power,1.10023E+11,56188,11704PNLWN38PAT,,
Pineville,1.10001E+11,1360,40977KNTCKUS25E,,
Piney Creek Power Plant,1.10002E+11,54144,16214PNYCRRR2BO,,
PInova Inc,1.10057E+11,10120,31520HRCLS2801C,,
Pioneer Valley Resource Recovery,1.10011E+11,50273,01001CSPRN188MS,,
Piqua Power Plant,1.1E+11,2937,45356PQCMP918SO,,
Pittsfield Generating,1.1E+11,50002,01201PTTSF235ME,,
Plant 31 Paper Mill,1.10018E+11,50028,71292MNVLL1031J,,
Plant Rowan County,1.10021E+11,7826,28144PRGRS5755N,,
Plant X,1.10002E+11,3485,79031STHWS5MISO,,
Plaquemine Cogen Facility,1.10001E+11,55419,70765THDWCHIGHW,,
Platte,1.1E+11,59,68801PLTTG1035W,,
Pleasant Prairie,1.1E+11,6170,53142PLSNT80009,,
Pleasant Valley Station,1.10012E+11,7843,55926GRTRV68435,,
Pleasants Power Station,1.1002E+11,6004,26134RSHGS1PWER,,
Plum Point Energy Station,1.10033E+11,56456,7237WPLMPN2732A,,
Plummer Cogen,1.10023E+11,55090,83851PLMMR7321T,,
Point Beach Nuclear Plant,1.10002E+11,4046,54241PNTBC6610N,,
Point Comfort Operations,1.10001E+11,52069,77978LMNMCSTATE,,
Polk,1.1E+11,7242,33860TMPLC9995S,,
Port Allen (HI),1.10064E+11,6474,96705KLCTR4392W,,
Port Allen (LA),1.1E+11,50389,70767PLCDR1940L,,
Port Edwards Mill,1.1E+11,54103,54469PRTDW100WI,,
Port Everglades,1.1E+11,617,33316FPLPR8100E,,
Port Jefferson Energy Center,1.10008E+11,2517,11777PRTJFBEECH,,
Port Neches Plant,1.10014E+11,54748,77651RLQDP2121P,,
Port Townsend Paper,1.1E+11,50544,98368PRTTW100PA,,
Port Washington Generating Station,1.10044E+11,4040,53074PRTWS146SW,,
Portland,1.10009E+11,3113,18064HPRCH731EN,,
Possum Point Power Station,1.1E+11,3804,22026PSSMP19000,,
Potter,1.10002E+11,1660,0218WBRNTR15PTT,,
Powerton,1.1E+11,879,61554NCRNC13082,,
Powertrain Warren General Motors,1.1E+11,10032,48091HYDRM23500,,
PPG Industries Shelby NC Works,1.1E+11,54363,28150PPGNDRT4XX,,
PPG Industries Works 14,1.10017E+11,54360,62549PPGNDELWIN,,
PPG Industries Works 4,1.1E+11,54364,76307PGGNDI44EA,,
PPL Holtwood,1.1E+11,3145,17532HLTWD482OL,,
Prairie Creek,1.10017E+11,1073,52404PRRCR3300C,,
Prairie State Generating Station,1.10045E+11,55856,6225WPRRST1739N,,
"Pratt & Whitney, East Hartford",1.10017E+11,54605,06108PRTTW400MA,,
Presque Isle,1.10057E+11,1769,49855PRSQS2701L,,
Procter & Gamble Cincinnati Plant,1.1E+11,50456,45217PRCTR5201S,,
Procter & Gamble Paper Products,1.10001E+11,50463,18629PRCTRROUTE,,
PSEG Bayonne Generating Station,1.10044E+11,2397,07002BYNNN141HD,,
PSEG Hope Creek Generating Station,1.1007E+11,6118,08038NCLRBENDOF,,
Pulliam,1.1E+11,4072,54303PLLMP1530N,,
Puna,1.10001E+11,7130,96749PNGNRPUNAM,,
Putnam,1.10007E+11,6246,32131FPLPTUS17S,,
Quail Run Energy Center,1.10035E+11,56349,7976WQLRNN295EI,,
"Quantum Auburndale Power, LP",1.10069E+11,54658,33823QNTMB151WD,,
"Quantum Lake Power, LP",1.10014E+11,54423,32784LKCGN39000,,
"Quantum Pasco Power, LP",1.10001E+11,54424,33525PSCCN14850,,
Quindaro,1.1E+11,1295,66104QNDRP3601N,,
R D Green,1.10001E+11,6639,42452RDGRN9000H,,
R D Morrow Senior Generating Plant,1.1E+11,6061,39475RDMRR304OL,,
R Gallagher,1.10008E+11,1008,47150PSNRG30JAC,,
R M Heskett,1.10022E+11,2790,58554RMHSKHWY18,,
R M Schahfer Generating Station,1.1E+11,6085,46392NRTHR2723E,,
R. Paul Smith Power Station,1.10022E+11,1570,21795RPLSM15952,,
Raccoon Mountain,1.10013E+11,6151,37419STVRCCUMMI,,
Radford Army Ammunition Plant,1.10001E+11,52072,24141RDFRDPOBOX,24141SDDSRPOBOX,
Ravenswood Generating Station,1.10033E+11,2500,11101CNSLD3854V,,
Rawhide Energy Station,1.10001E+11,6761,80549RWHDN2700E,,
Ray D Nixon,1.1E+11,8219,80817RYNXN14020,,
Rayonier Advanced Materials - Jesup Plant,1.10017E+11,10560,31545TTRYNSAVAN,,
Red Hills Generation Facility,1.10021E+11,55076,39735TRCTBRTE1B,,
Red Shield Envir Old Town Facility,1.10001E+11,10700,04468JMSRVPORTL,,
Redbud Power Plant,1.10017E+11,55463,7305WRDBDG2922T,,
"RED-Rochester, LLC-Eastman Business Park",1.1E+11,10025,14652STMNK1669L,,
Reid Gardner,1.1E+11,2324,89025RDGRD1WALL,,
Remington Combustion Turbine Station,1.10006E+11,7838,2273WDMNNR1225L,,
Rensselaer Cogen,1.1E+11,54034,12144RNSSL39RIV,,
Resolute FP - Coosa Pines Mill,1.10057E+11,54216,35044SPLPNALABA,,
Rhinelander Mill,1.1E+11,50933,54507RHNLN515WE,,
Richard Gorsuch,1.10001E+11,7286,45750GRSCHRTE7S,,
Richard M Flynn (Holtsville),1.1E+11,7314,11742RCHRD607UN,,
Richmond,1.1E+11,3168,19137RCHMN3901N,,
Richmond Cogen,1.10021E+11,52109,94802CHVRN841ST,,
Richmond County Plant,1.10004E+11,7805,28345PRGRSNCSR1,,
Richmond Refinery TG800,1.10021E+11,52105,94802CHVRN841ST,,
Rio Bravo Jasmin,1.10014E+11,10768,93308RBRVJ11258,,
Rio Bravo Poso,1.1E+11,10769,93308RBRVP16608,,
Ripon Mill,1.10001E+11,50299,95366SMPSN942SO,,
River Rouge,1.1E+11,1740,48218DTRTD1BELA,,
Riverbend,1.1E+11,2732,28120DKNRG175ST,,
Riverside,1.10043E+11,1559,21222RVWRSMAINS,,
Riverside (1081),1.1E+11,1081,52722RVRSD6001S,,
Riverside (1927),1.1E+11,1927,55418RVRSD3100M,,
Riverside (4940),1.10002E+11,4940,74037MRCNL116TH,,
Riverside Energy Center,1.10013E+11,55641,53511RVRSD141WB,,
Riverton,1.10017E+11,1239,66770RVRTNHWY66,,
Riverwood International Macon Mill,1.10006E+11,54464,31206MCNKR4891M,,
Rivesville Power Station,1.10001E+11,3945,26588RVSVLJACKS,,
Riviera Beach Energy Center,1.1E+11,619,33404RVRPW20030,,
Robert Reid,1.10001E+11,1383,42452RDGRN9000H,,
Robins,1.10001E+11,7348,31098SDDSF216OC,,
Rochester 3,1.1E+11,2640,14614BBSTT254MI,,
Rochester 7,1.1E+11,2642,14612RSSLL1101B,,
Rock River,1.1E+11,4057,53511RCKRV827WB,,
Rockingham County Combustion Turbine,1.10025E+11,55116,2732WDKNRG24ERB,,
Rockport,1.10001E+11,6166,47635RCKPR2791N,,
RockTenn Coshocton Mill,1.1E+11,50811,43812STNCN500N4,,
Rock-Tenn Mill,1.10064E+11,54763,36732GLFSTHIGHW,,
RockTenn West Point Mill,1.10007E+11,10017,23181CHSPK19THM,,
Rokeby,1.10001E+11,6373,68501LNCLN8000S,,
Rosemary Power Station,1.10001E+11,50555,27870RSMRY12THS,,
Roseton Generating LLC,1.1E+11,8006,12550RSTNG992RA,,
Rousselot Inc,1.1E+11,50955,01960STMNG227WA,,
Roxboro,1.1E+11,2712,27343RXBRS1700D,,
Rumford Cogeneration,1.10058E+11,10495,04276BSCSCROUTE,,
Rush Island,1.1E+11,6155,63028RSHSL100BI,,
Russell Energy Center,1.10017E+11,7930,67665SNRGY1224E,,
S A Carlson,1.1E+11,2682,14701SMLCR136ST,,
S D Warren Westbrook,1.10021E+11,50447,04092SDWRR89CUM,,
S O Purdom,1.10002E+11,689,32355CTYFT667PO,,
SABIC Innovative Plastics - Burkville,1.10017E+11,7698,36752GPLSTONEPL,,
Sabine River Works,1.10018E+11,10789,77631DPNTSFARMR,,
Sagamore Plant Cogeneration,1.1E+11,50903,47902STLYM2245N,,
Salem Harbor Station,1.1E+11,1626,01970SGNNW24FOR,,
Sam Bertron,1.10002E+11,3468,77536SRBRT2018M,,
Sam Rayburn Plant,1.10031E+11,3631,77976STHTX2849F,,
Sam Seymour,1.1E+11,6179,78945LCRFY6549P,,
San Juan,1.10001E+11,2451,87421SNJNGCOUNT,,
San Miguel,1.1E+11,6183,78012SNMGL6200F,,
Sandow,1.10007E+11,6648,76567SNDWS7MISW,,
Sandow Station,1.10007E+11,52071,76567SNDWS7MISW,,
Sandy Creek Energy Station,1.10035E+11,56611,7668WSNDYC2161R,,
Sanford,1.10017E+11,620,32713SNFRD950SH,,
Santa Maria EPG,1.1E+11,56284,93420NCLSN2555W,,
Santan,1.10002E+11,8068,85296SNTNG1005S,,
Sappi Cloquet Mill,1.1E+11,50639,55720PTLTCNORTH,,
Sartell Dam,1.1E+11,50252,56377CHMPN100EA,,
Sauder Power Plant,1.1E+11,54974,43502SDRWD502MI,,
Sayreville,1.10021E+11,2390,08872RLNTNRIVER,,
Scherer,1.10007E+11,6257,31046SCHRR10986,,
Schiller,1.10001E+11,2367,03801PBLCSGOSLI,,
Scholz Electric Generating Plant,1.10003E+11,642,32460GLFPWROUTE,,
Schuylkill Generating Station,1.1E+11,3169,19146SCHYL2800C,,
Scrubgrass Generating Plant,1.10006E+11,50974,16374SCRBGRR1LI,,
SDS Lumber Gorge Energy Division,1.10028E+11,50231,98605SDSLM200SW,,
Seadrift Coke LP,1.10044E+11,10167,77983RCCRBHWY18,,
SEMASS Resource Recovery,1.1E+11,50290,02770SMSSR141CR,,
Seminole (136),1.10041E+11,136,32177SMNLGUSHWY,,
Seminole (2956),1.10042E+11,2956,74849KLHMGLDHWY,,
Seminole Mill,1.10001E+11,50803,32218SMNLK9469E,,
Sequoyah,1.10001E+11,6152,37379STVSQSEQUO,,
Seward,1.10007E+11,3130,15944SWRDS595PL,,
Sewaren Generating Station,1.10001E+11,2411,07077PBLCS751CL,,
Shady Hills,1.10013E+11,55414,34610SHDYH14240,,
Shawnee,1.1E+11,1379,42086STVSH7900M,,
Shawville,1.10001E+11,3131,16873SHWVLRTE97,,
Shelby Municipal Light Plant,1.1E+11,2943,44875SHLBY34MAN,,
Sheldon,1.1E+11,2277,68368NBRSK4500W,,
Shell Chemical,1.10001E+11,56248,70737SHLLCRIVER,,
Shell Deer Park,1.10031E+11,50304,77536RSLTN5900H,,
Sherburne County,1.1E+11,6090,55308NRTHR13999,,
Shipman,1.10014E+11,6478,96720SHPMN20BAY,,
Shiras,1.10017E+11,1843,49855MRQTTEHAMP,,
Sibley,1.10018E+11,2094,64088SBLYG3200E,,
Sibley Mill,1.10001E+11,54322,30904SBLYD1717G,,
Sierra Pacific Aberdeen,1.10013E+11,55882,9852WSPBRD31HAG,,
Sierra Pacific Burlington Facility,1.10031E+11,56406,9827WSPBRL14353,,
Sierra Pacific Burney Facility,1.10002E+11,50110,96013SRRPCHWY29,,
Sierra Pacific Lincoln Facility,1.10041E+11,10144,95648BHMLN1445H,,
Sierra Pacific Loyalton Facility,1.10008E+11,50111,96118SRRPCRAILR,,
Sierra Pacific Quincy Facility,1.10001E+11,50112,95971SRRPC1538L,,
Sierra Power,1.10001E+11,50068,93270SRRFR9000R,,
Sikeston,1.1E+11,6768,63801SKSTN1551W,,
Silver Lake,1.1E+11,2008,55906RCHST425WS,,
Simplot Leasing Don Plant,1.10001E+11,50274,83201JRSMPDONSI,,
Simplot Phosphates,1.10001E+11,54472,82901CHVRN525SH,,
Sinclair Oil Refinery,1.1E+11,54374,82334SNCLREASTL,,
Sioux,1.1E+11,2107,63386SXPWR8501N,,
Sixth Street,1.10013E+11,1058,52402SXTHS5096T,,
Sloss Industries Corp,1.1E+11,50359,35207SLSSN35003,,
Smith Generating Facility,1.10017E+11,54,4039WKNTCK12145,,
Smithfield Farmland Corp Bladen,1.10007E+11,54823,28392CRLNFHWY87,,
Smithfield Farmland Corp-Wilson,1.10028E+11,56035,27893DNNRB2401W,,
Somerset Operating Company  (Kintigh),1.1E+11,6082,14012SSMRS7725L,,
Somerset Plant,1.10017E+11,50406,04976SDWRRRFD3U,,
Sooner,1.10001E+11,6095,74651SNRGNHWY15,,
South Oak Creek,1.1E+11,4041,53154KCRKP4801E,,
Southampton Power Station,1.10001E+11,10774,23851LGWST30134,,
Southaven Combined Cycle,1.10039E+11,55269,3867WTVSTH2881S,,
Southern Minnesota Beet Sugar,1.10001E+11,54533,56284STHRNEASTH,,
Southside Generating Station,1.10001E+11,668,32207STHSD801BR,,
Southwark,1.10001E+11,3170,19148STHWR2501S,,
Southwestern,1.10001E+11,2964,73094STHWSPSORD,,
Spencer,1.10012E+11,4266,76205SPNCR1701A,,
SPFT - Newberg Cogen,1.1E+11,56124,97132SMRFTWYNOO,,
Spiritwood Station,1.1004E+11,56786,5848WGRTRV33669,,
Springerville Generating Station,1.10001E+11,8223,85938SPRNG12MIL,,
"Spruance Genco, LLC",1.10001E+11,54081,23234CGNTR5001C,,
St Marys,1.1E+11,2942,45885STMRY335NC,,
St. Clair,1.1E+11,1743,48054DTRTD4901P,,
St. Francis Power Plant,1.10018E+11,7604,63933STFRNRTE1B,,
St. Johns River Power,1.1E+11,207,32226STJHN11201,,
St. Nicholas Cogeneration Project,1.10007E+11,54634,17976STNCHHWY54,,
Stanton,1.10001E+11,2824,58571GRTRV4001H,,
Steam plant,1.1E+11,3920,98421CTYFT1171T,,
Stevens Point,1.10001E+11,3973,54481CNSLD707AR,,
Stevens Point Mill,1.10001E+11,55861,54481CNSLD707AR,,
Stock Island,1.1E+11,6584,33041CTYLC6900F,,
Stone Container Hodge,1.10001E+11,50810,71247STNHDMILLS,,
Stone Container Panama City Mill,1.10001E+11,50807,32401STNCN1EVER,,
Streeter Station,1.10001E+11,1131,50613CDRFLUTILI,,
Sumas Generating Station,1.10057E+11,54476,9829WSMSGN134TH,,
Sunbury,1.10001E+11,3152,17876SNBRYOLDSU,,
SunEdison LV Sutton Plant Site,1.1E+11,56938,28401LVSTT801SU,,
SunEdison Procter & Gamble Oxnard,1.1E+11,57008,93030PRCTR800NO,,
Sunnyside Cogen Associates,1.1E+11,50951,84539SNNYSONEPO,,
Surry,1.10002E+11,3806,23883VRGNL52085,,
Sutherland,1.1002E+11,1077,50158LLNTN3001E,,
Suwannee River,1.10001E+11,638,32462FLRDPSOFUS,,
"Syracuse, LLC",1.10002E+11,10621,13209CHRSR300BE,,
T H Wharton,1.10013E+11,3469,77064RLNTN16301,,
Taconite Harbor Energy Center,1.10006E+11,10075,55613TCNTH8124W,,
Taft Cogeneration Facility,1.10001E+11,55089,70057SHLLCLA18A,,
Talbot Energy Facility,1.10012E+11,7916,31801TLBTN9125C,,
Tamarack Energy Partnership,1.1002E+11,50099,83612TMRCK3555H,,
Tanners Creek,1.10001E+11,988,47025TNNRSAEPDR,,
Tate & Lyle,1.10001E+11,10867,62525STLYM2200E,,
Teche Power Station,1.10001E+11,1400,70514TCHPW237NE,,
Tecumseh Energy Center,1.10001E+11,1252,66542TCMSH2NDDU,,
Tenaska Gateway Generating Station,1.10011E+11,55132,7566WTNSKG7589S,,
Tenaska Georgia Generating Station,1.1001E+11,55061,30217TNSKGGEORG,,
Tenaska Lindsay Hill Generating Station,1.10068E+11,55271,36006TNSKL345CU,,
Terry Bundy Generating Station,1.10014E+11,7887,68517LSSLT777BL,,
TES Filer City Station,1.10057E+11,50835,49634TSFLR700ME,,
Tesoro Hawaii,1.1E+11,10093,96707HWNND91325,,
Tesoro Kenai Cogeneration Plant,1.10017E+11,52184,99611TSRLSMILE2,,
Tesoro Mandan Cogeneration Plant,1.10025E+11,52133,58554MCLCMNORTH,,
Tesoro SLC Cogeneration Plant,1.1E+11,56509,84103MCLCM474WE,,
Tesoro Wilmington Calciner,1.10001E+11,10601,90748RCCQC1175C,,
Texas City Plant Union Carbide,1.10001E+11,50153,77592NNCRB33015,,
Texas Petrochemicals,1.1E+11,50229,77017TXSPT8600P,,
"The Mosaic Company, Plant City Facility",1.10065E+11,50371,33566CNTRL10MIL,,
Thomas Fitzhugh,1.10007E+11,201,72949RKNSS6006L,,
Thomas Hill Energy Center,1.1E+11,2168,65244THMSHRTE1B,,
Ticona Polymers Inc,1.10001E+11,10243,78343CLNSNONEMI,,
Ticonderoga Mill,1.1E+11,54099,12883NTRNTSHORE,,
Titus,1.1E+11,3115,19508TTSST296PO,,
Toledo Ref Power Recovery Train,1.10011E+11,50965,43616SNRFN1819W,,
Tolk Station,1.10001E+11,6194,79371STHWS8MISW,,
Tom G Smith,1.1E+11,673,33460TMGSM117CO,,
Tracy,1.10064E+11,2336,89434TRCYG191WU,,
Tradinghouse,1.10007E+11,3506,76705TRDNGFM295,,
Treasure Coast Energy Center,1.10038E+11,56400,3498WTRSRC4545E,,
Trenton Channel,1.1E+11,1745,48183DTRTD4695W,,
Trimble County,1.1E+11,6071,40006LSVLL487CO,,
Tropicana Products Bradent,1.1E+11,50971,34208TRPCN10011,,
TS Power Plant,1.10039E+11,56224,8982WNWMNT91DUN,,
Turkey Point,1.10001E+11,621,33035TRKYP9700S,,
Twin Oaks,1.10016E+11,7030,76629TXSNWHWY6X,,
Tyrone,1.10001E+11,1361,40383KNTCKUS62P,,
UCC South Charleston Plant,1.10001E+11,50151,25303NNCRB437MA,,
Uncasville Mill,1.10044E+11,50801,06382STNCN125DE,,
Union Carbide Seadrift Cogen,1.10007E+11,50150,77979NNCRBPOBOX,,
Unisea G 2,1.10064E+11,54422,99692NSNCXPOUCH,,
Urquhart,1.1E+11,3295,29841RQHRT100UR,,
US Borax,1.10044E+11,50115,93516SBRXCBORAX,,
US Gypsum Oakfield,1.10019E+11,50203,1412WSGYPS275MA,,
US Steel (Clairton Coke),1.10042E+11,50729,15025SSCLR400ST,,
US Steel (Edgar Thomson),1.10001E+11,50732,15104SSDGRBRADD,,
US Steel (Fairfield Works),1.1E+11,50730,35064SSFRFVALLE,,
US Steel Corp - Gary Works,1.1E+11,50733,46402SSGRYONENO,,
Utility Plants Section,1.10006E+11,50308,99703DYNTL3564N,99703SDPRT1060G,
V H Braunig,1.10008E+11,3612,78112VHBRN15290,,
Valenite,1.10001E+11,56131,29693GTVLNROUTE,,
Valero Energy Port Arthur Refinery,1.1E+11,52108,77640CLRKR1801S,,
Valero Refinery Cogeneration Unit 1,1.10033E+11,55851,94510XXNCS3400E,,
Valero Refinery Corpus Christi East,1.10001E+11,10203,78403CSTLR1300C,,
Valero Refinery Corpus Christi West,1.1E+11,50121,78469VLRRF5900U,,
Valley (WEPCO),1.1E+11,4042,53233VLLYP1035W,,
Valley Queen Cheese,1.1E+11,56274,57252VLLYQ200ER,,
Valmont,1.1E+11,477,80302PBLCS1800N,,
Vandolah Power Project,1.10017E+11,55415,33873VNDLH2394V,,
Veolia Energy Trenton L.P.,1.1E+11,50094,08611TRGNT320SW,,
Vermilion Power Station,1.10021E+11,897,61858VRMLN6MILE,,
Vero Beach Municipal,1.1E+11,693,32960CTYFV10017,,
Verso Paper Quinnesec Mich Mill,1.10017E+11,50251,49876CHMPNUSHIG,,
Victoria Power Station,1.10001E+11,3443,77901VCTRP1205C,,
Victoria Texas Plant,1.10012E+11,10790,77902CCDNTOLDBL,,
Vienna,1.10001E+11,1564,21869VNNPWCHAPE,,
Virginia,1.10001E+11,2018,5579WVRGNP6182N,,
W A Parish,1.10001E+11,3470,77481WPRSHYUJON,,
W H Hill,1.1E+11,772,96720HLLGN54HAL,,
W H Sammis,1.10001E+11,2866,43961FRSTNSTATE,,
W H Weatherspoon,1.1E+11,2716,28358WHWTH491PO,,
W H Zimmer Generating Station,1.1E+11,6019,45153CNCNN1781U,,
W N Clark,1.10009E+11,462,81212TLCRP550HW,,
W S Lee,1.10005E+11,3264,29669DKNRGHWYS4,,
Wabash River Gen Station,1.10002E+11,1010,47885PSWBS450BO,,
Wading River Facility,1.10008E+11,7146,1179WWDNGRNRTHC,,
Waiau,1.1E+11,766,96782WGNRT475KA,,
Waimea,1.10027E+11,768,96743HWNLC66159,,
Walhalla,1.10001E+11,55638,58282DMCRNCOUNT,,
Walter C Beckjord Generating Station,1.10057E+11,2830,45157CGBCK757OL,,
Walter Scott Jr. Energy Center,1.10057E+11,1082,51501CNCLB2115N,,
Wansley (6052),1.10046E+11,6052,30170WNSLYGEORG,,
Warm Springs Forest Products,1.10008E+11,50426,97761WRMSPPOBOX,,
Warren,1.1E+11,3132,16365WRRNS2325P,,
Warren Lumber Mill,1.10001E+11,50640,71671PTLTC810WE,,
Wasson CO2 Removal Plant,1.10012E+11,52122,7932WXYPRMPBX12,,
Wateree,1.10015E+11,3297,29044STHCR142WA,,
Waterford 1 & 2,1.10001E+11,8056,70066NTRGY17705,,
Watson Electric Generating Plant,1.10001E+11,2049,39502MSSSSINTER,,
Watts Bar Nuclear Plant,1.10007E+11,7722,37381STVWT7MILE,,
Waukegan,1.1E+11,883,60087WKGNG10GRE,,
Waupun Correctional Central Heating Plt,1.10002E+11,54407,53963WPNCR200SM,,
Wayne County,1.1E+11,7538,27530HFLST1677O,,
Waynesboro Virginia Plant,1.1E+11,10796,22980DPNTWDUPON,,
Welsh Power Plant,1.10013E+11,6139,75686WLSHPFM173,,
West Campus Cogeneration Facility,1.10022E+11,7991,53726MGWST515WA,,
West County Energy Center,1.10007E+11,56407,3347WWSTCN255ST,,
West Lorain,1.10005E+11,2869,44053FRSTN7107W,,
West Marinette,1.10002E+11,4076,54157WSCNSW1830,,
West Springfield,1.10046E+11,1642,01089CMWST15AGA,,
West Station,1.10022E+11,6776,08362VNLNDNEWPE,,
Westhollow Technology Center,1.10001E+11,54330,77082WSTHL3333H,,
Westmoreland Partners Roanoke Valley I,1.1E+11,54035,27890RNKVL290PO,,
Westmoreland Partners Roanoke Valley II,1.1E+11,54755,27890RNKVL290PO,,
Weston,1.10044E+11,4078,54474WSTNP2501M,,
"WestRock CP, LLC Florence Mill",1.10057E+11,50806,29502STNCNOLDGE,,
Weyerhaeuser - New Bern,1.1E+11,50188,28560WYRHSSTREE,,
Weyerhaeuser Columbus MS,1.10001E+11,50184,39703CLMBSCARSO,,
Weyerhaeuser Longview WA,1.1E+11,50187,98632WYRHS3401I,,
Weyerhaeuser Pine Hill Operations,1.10044E+11,54752,3676WNTRNT76HIG,,
Wheelabrator - Frackville,1.10014E+11,50879,17931WHLBRMOREA,,
White Bluff,1.1E+11,6009,72132NTRGY1100W,,
White Pine Electric Power,1.10025E+11,10148,49971WHTPN3377P,,
Whitewater Cogeneration Facility,1.10044E+11,55011,53190LSPWH111CO,,
Whitewater Valley,1.10001E+11,1040,47374WHTWT2000U,,
Whiting,1.10017E+11,3975,54481CNSLD2627W,,
Whiting Mill,1.10017E+11,10476,54481CNSLD2627W,,
Widows Creek,1.10001E+11,50,35772STVWDCOUNT,,
Wilkes Power Plant,1.10001E+11,3478,75630MRCNLHWY49,,
Will County,1.1E+11,884,60441WLLCN529ER,,
William C. Dale,1.10008E+11,1385,40391DLPWR1925F,,
William F Wyman,1.10001E+11,1507,04096WFWYMCOUSI,,
Williams,1.1E+11,3298,29445WLLMS2242B,,
Willmar,1.10002E+11,2022,56201WLLMR71BEN,,
Willow Glen,1.10002E+11,1394,70776NTRGY2605H,,
Willow Island Power Station,1.10039E+11,3946,26134PLSNTNO1PO,,
Wilmington Hydrogen Plant,1.1E+11,55557,90744RPRDS700HE,,
Winyah,1.1E+11,6249,29440WNYHG661ST,,
Wisconsin Rapids,1.10001E+11,3974,54494CNSLD231FI,,
Wisconsin Rapids Paper Mill,1.10001E+11,10466,54494CNSLD231FI,,
Wisconsin Rapids Pulp Mill,1.10017E+11,10477,54494CNSLD950FO,,
Wood River Power Station,1.10006E+11,898,62002LLNSPNO1CH,,
Woodland Generation Station,1.10001E+11,7266,95352MDSTR92WDL,,
"WPS Westwood Generation, LLC",1.10011E+11,50611,17981WSTWDUSRTE,,
Wyandotte,1.10002E+11,1866,48192WYNDT2555V,,
Wyodak ,1.10007E+11,6101,82718WYDKP48WYO,,
Yates,1.1E+11,728,30263YTSST708DY,,
YKK USA Chestney,1.1E+11,54566,31297YKKSN4234O,,
York Energy Center,1.10043E+11,55524,1731WCLPNM155PI,,
Yorktown Power Station,1.1E+11,3809,23692YRKTW1600W,,
Yucca Power Plant,1.10002E+11,120,85364RZNPB7522S,,
Zion Energy Center,1.10021E+11,55392,6009WZNNRG9THST,,
