{"@context": "http://greendelta.github.io/olca-schema/context.jsonld", "@type": "Flow", "@id": "1e3e0b5b-23ea-3ed0-b2e4-e13d7c35cfc1", "name": "Sub-polar or polar barren-lichen-moss", "cas": "", "formula": "", "version": "0.1", "description": "From FedElemFlowList_0.1. Flow Class: Land. Preferred flow.", "category": {"@type": "Category", "@id": "2d0430aa-7d05-3447-b37e-f0365e6428f0", "name": "ground"}, "flowType": "ELEMENTARY_FLOW", "flowProperties": [{"@type": "FlowPropertyFactor", "referenceFlowProperty": true, "flowProperty": {"@type": "FlowProperty", "name": "Area*time", "@id": "93a60a56-a3c8-21da-a746-0800200c9a66"}, "conversionFactor": 1.0}]}