{"@context": "http://greendelta.github.io/olca-schema/context.jsonld", "@type": "Flow", "@id": "1ed2db4a-42d9-35d5-98eb-ce94c0278ecc", "name": "Energy, hydro-tidal", "cas": "", "formula": "", "version": "0.1", "description": "From FedElemFlowList_0.1. Flow Class: Energy. Preferred flow.", "category": {"@type": "Category", "@id": "853f1552-f4a6-3dfc-98a9-34ff867b77b3", "name": "water"}, "flowType": "ELEMENTARY_FLOW", "flowProperties": [{"@type": "FlowPropertyFactor", "referenceFlowProperty": true, "flowProperty": {"@type": "FlowProperty", "name": "Energy", "@id": "f6811440-ee37-11de-8a39-0800200c9a66"}, "conversionFactor": 1.0}]}